file,call_length,start_time,call_variant,signal_level,call_overlap,call_cutoff,call_cutoff,high_freq
LH1080967511.WAV,0.0681,2.5619,33,3,False,False,False,151.522
LH1079298006.WAV,0.1787,3.1747,33,3,False,False,False,145.749
LH1079298006.WAV,0.1872,3.9832,33,1,False,False,False,148.635
LH1079298011.WAV,0.1958,3.5542,33,1,False,False,False,152.965
LH1079298606.WAV,0.1872,4.3158,33,2,False,False,False,147.192
LH1079298611.WAV,0.2213,3.8353,33,1,False,False,False,145.749
LH1079299806.WAV,0.2128,0.6998,33,1,False,False,False,147.192
LH1079299806.WAV,0.1617,1.6361,33,1,False,False,False,152.965
LH1079299806.WAV,0.1362,2.8617,33,2,False,False,False,151.522
LH1079299806.WAV,0.2128,4.0277,33,2,False,False,False,137.091
LH1079299811.WAV,0.1958,0.2788,33,3,False,False,False,137.091
LH1079299811.WAV,0.1872,3.7599,33,2,False,False,False,148.635
LH1079300406.WAV,0.1532,4.0624,33,3,False,False,False,141.42
LH1079300411.WAV,0.2128,3.9989,33,2,False,False,False,148.635
LH1079301011.WAV,0.1532,4.3825,33,3,False,False,False,147.192
LH1079301606.WAV,0.1362,1.4592,33,3,False,False,False,142.863
LH1079302206.WAV,0.2213,2.5663,33,1,False,False,False,151.522
LH1079302806.WAV,0.2043,2.1754,33,2,False,False,False,170.281
LH1079302806.WAV,0.2128,3.0947,33,1,False,False,False,148.635
LH1079302811.WAV,0.2128,3.6865,33,1,False,False,False,200.586
LH1079303411.WAV,0.2128,1.1168,33,1,False,False,False,147.192
LH1079303411.WAV,0.1617,3.8744,33,3,False,False,False,154.408
LH1079304606.WAV,0.2213,0.4837,33,1,False,False,False,158.737
LH1079304606.WAV,0.1702,1.7008,33,2,False,False,False,157.294
LH1079305806.WAV,0.1617,2.2893,33,3,False,False,False,145.749
LH1079306406.WAV,0.1702,2.2219,33,3,False,False,False,152.965
LH1079306411.WAV,0.1362,2.5158,33,2,False,False,False,138.534
LH1079309411.WAV,0.1872,4.5447,33,1,False,False,False,193.37
LH1079311211.WAV,0.1702,4.3338,33,1,False,False,False,163.066
LH1079315406.WAV,0.1532,4.1124,33,3,False,False,False,152.965
LH1079317806.WAV,0.1702,1.3744,33,2,False,False,False,158.737
LH1079319006.WAV,0.1702,2.2183,33,2,False,False,False,165.952
LH1079319006.WAV,0.2128,3.8354,33,1,False,False,False,199.143
LH1079319606.WAV,0.1872,3.8701,33,3,False,False,False,168.838
LH1079319611.WAV,0.2043,0.1892,33,2,False,False,False,152.965
LH1079319611.WAV,0.1532,2.7,33,3,False,False,False,152.965
LH1079319611.WAV,0.1192,3.815,33,3,False,False,False,135.648
LH1079320206.WAV,0.1192,2.0067,33,3,False,False,False,141.42
LH1079320806.WAV,0.1702,4.382,33,2,False,False,False,145.749
LH1079321406.WAV,0.1872,3.4039,33,3,False,False,False,137.091
LH1079322011.WAV,0.1617,0.0045,33,2,False,False,False,155.851
LH1079326211.WAV,0.1447,2.9965,33,3,False,False,False,147.192
LH1079327406.WAV,0.1447,2.2952,33,2,False,False,False,155.851
LH1079328011.WAV,0.0851,1.3132,33,3,False,False,False,147.192
LH1079328606.WAV,0.1192,1.9135,33,2,False,False,False,142.863
LH1079328606.WAV,0.0851,3.0966,33,2,False,False,False,171.724
LH1079329206.WAV,0.2128,3.5823,33,2,False,False,False,168.838
LH1079329211.WAV,0.1192,0.5569,33,3,False,False,False,147.192
LH1079329211.WAV,0.2128,4.3018,33,2,False,False,False,174.611
LH1079332806.WAV,0.1617,2.0031,33,2,False,False,False,142.863
LH1079332811.WAV,0.1277,2.2715,33,3,False,False,False,158.737
LH1079335211.WAV,0.1021,1.8485,33,2,False,False,False,147.192
LH1079335211.WAV,0.1787,4.5976,33,2,False,False,False,158.737
LH1079335806.WAV,0.1277,3.3,33,2,False,False,False,165.952
LH1079337006.WAV,0.1277,2.4416,33,3,False,False,False,151.522
LH1079337006.WAV,0.1277,2.9523,33,2,False,False,False,144.306
LH1079337006.WAV,0.0936,3.3523,33,3,False,False,False,147.192
LH1079337006.WAV,0.1447,4.1439,33,2,False,False,False,152.965
LH1079337011.WAV,0.1021,0.361,33,2,False,False,False,160.18
LH1079337011.WAV,0.1277,2.1738,33,3,False,False,False,148.635
LH1079337011.WAV,0.1617,2.8206,33,2,False,False,False,155.851
LH1079337011.WAV,0.1787,3.4676,33,2,False,False,False,152.965
LH1079337011.WAV,0.1958,4.0122,33,1,False,False,False,189.041
LH1079337606.WAV,0.2298,0.408,33,2,False,False,False,183.269
LH1079337606.WAV,0.1702,0.9783,33,2,False,False,False,150.079
LH1079337606.WAV,0.1958,1.5315,33,2,False,False,False,165.952
LH1079337606.WAV,0.1362,2.17,33,1,False,False,False,158.737
LH1079337606.WAV,0.0936,2.57,33,2,False,False,False,147.192
LH1079337606.WAV,0.1277,3.0466,33,1,False,False,False,152.965
LH1079337606.WAV,0.1447,4.2296,33,3,False,False,False,147.192
LH1079337611.WAV,0.2213,0.2594,33,1,False,False,False,176.054
LH1079337611.WAV,0.1362,0.8552,33,1,False,False,False,154.408
LH1079337611.WAV,0.0681,1.5617,33,1,False,False,False,150.079
LH1079337611.WAV,0.1702,1.9022,33,2,False,False,False,158.737
LH1079337611.WAV,0.1362,2.7873,33,3,False,False,False,148.635
LH1079338206.WAV,0.1324,2.3001,33,3,False,False,False,142.863
LH1079338206.WAV,0.1324,2.9862,33,3,False,False,False,137.091
LH1079338211.WAV,0.1685,0.4537,33,2,False,False,False,191.927
LH1079338211.WAV,0.2167,0.8991,33,1,False,False,False,170.281
LH1079338211.WAV,0.1926,1.5129,33,1,False,False,False,176.054
LH1079338211.WAV,0.2287,1.9823,33,2,False,False,False,141.42
LH1079338211.WAV,0.1565,3.6194,33,3,False,False,False,147.192
LH1079338806.WAV,0.2167,3.5423,33,2,False,False,False,157.294
LH1079338806.WAV,0.2046,4.3127,33,1,False,False,False,242.435
LH1079338811.WAV,0.2167,3.1404,33,2,False,False,False,177.497
LH1079338811.WAV,0.2648,3.8384,33,1,False,False,False,158.737
LH1079339406.WAV,0.2407,0.4634,33,3,False,False,False,178.94
LH1079339406.WAV,0.1685,1.1254,33,3,False,False,False,142.863
LH1079339406.WAV,0.1685,1.7272,33,2,False,False,False,158.737
LH1079339406.WAV,0.2287,2.9188,33,1,False,False,False,161.623
LH1079339406.WAV,0.2768,3.5206,33,1,False,False,False,160.18
LH1079339406.WAV,0.1324,4.0744,33,1,False,False,False,152.965
LH1079339406.WAV,0.2768,4.5558,33,1,False,False,False,173.168
LH1079339411.WAV,0.1204,2.6974,33,3,False,False,False,135.648
LH1079339411.WAV,0.1565,3.0103,33,3,False,False,False,141.42
LH1079339411.WAV,0.1204,3.3232,33,1,False,False,False,147.192
LH1079339411.WAV,0.1444,3.6964,33,2,False,False,False,145.749
LH1079339411.WAV,0.1204,4.0455,33,1,False,False,False,141.42
LH1079339411.WAV,0.1444,4.515,33,2,False,False,False,151.522
LH1079340011.WAV,0.1083,0.2443,33,3,False,False,False,121.217
LH1079340011.WAV,0.1444,0.7619,33,3,False,False,False,132.762
LH1079340011.WAV,0.1083,1.3035,33,3,False,False,False,121.217
LH1079340011.WAV,0.2167,2.0378,33,3,False,False,False,139.977
LH1079340606.WAV,0.2046,0.5405,33,3,False,False,False,141.42
LH1079340606.WAV,0.1805,4.7893,33,2,False,False,False,141.42
LH1079341206.WAV,0.1685,2.878,33,2,False,False,False,147.192
LH1079341211.WAV,0.1926,2.1149,33,2,False,False,False,155.851
LH1079341811.WAV,0.1444,3.2247,33,2,False,False,False,147.192
LH1079344206.WAV,0.2287,0.3985,33,2,False,False,False,147.192
LH1079344206.WAV,0.1565,2.8781,33,3,False,False,False,147.192
LH1079344211.WAV,0.1926,4.2094,33,3,False,False,False,139.977
LH1079344811.WAV,0.2287,2.7193,33,2,False,False,False,145.749
LH1079345406.WAV,0.2167,0.4756,33,2,False,False,False,164.509
LH1079345406.WAV,0.2407,1.0052,33,2,False,False,False,152.965
LH1079345411.WAV,0.2768,0.2422,33,1,False,False,False,177.497
LH1079345411.WAV,0.1685,0.9162,33,2,False,False,False,147.192
LH1079345411.WAV,0.2167,2.1921,33,2,False,False,False,152.965
LH1079345411.WAV,0.2407,3.9735,33,2,False,False,False,184.712
LH1079345411.WAV,0.2167,4.6235,33,2,False,False,False,193.37
LH1079346006.WAV,0.2046,3.2705,33,3,False,False,False,141.42
LH1079346006.WAV,0.2768,4.5103,33,2,False,False,False,164.509
LH1079346011.WAV,0.313,0.365,33,1,False,False,False,155.851
LH1079346011.WAV,0.1565,1.063,33,1,False,False,False,151.522
LH1079346011.WAV,0.313,1.5325,33,2,False,False,False,147.192
LH1079346606.WAV,0.1444,0.9379,33,2,False,False,False,147.192
LH1079346606.WAV,0.2167,2.0452,33,3,False,False,False,155.851
LH1079346606.WAV,0.2167,2.9239,33,2,False,False,False,145.749
LH1079346606.WAV,0.1444,3.5859,33,2,False,False,False,135.648
LH1079346611.WAV,0.1805,1.0414,33,2,False,False,False,163.066
LH1079346611.WAV,0.1805,2.5339,33,2,False,False,False,150.079
LH1079346611.WAV,0.1926,3.1478,33,3,False,False,False,145.749
LH1079346611.WAV,0.2167,3.8099,33,2,False,False,False,145.749
LH1079346611.WAV,0.2889,4.4237,33,1,False,False,False,151.522
LH1079347206.WAV,0.1685,2.5291,33,3,False,False,False,152.965
LH1079347206.WAV,0.1926,3.2994,33,2,False,False,False,147.192
LH1079347206.WAV,0.1926,4.0217,33,2,False,False,False,141.42
LH1079347211.WAV,0.1685,4.1854,33,2,False,False,False,147.192
LH1079347211.WAV,0.2768,4.6669,33,2,False,False,False,165.952
LH1079347806.WAV,0.1805,4.2287,33,2,False,False,False,138.534
LH1079347811.WAV,0.1565,0.3361,33,3,False,False,False,139.977
LH1079347811.WAV,0.2528,0.8898,33,2,False,False,False,147.192
LH1079347811.WAV,0.0963,1.937,33,2,False,False,False,145.749
LH1079347811.WAV,0.1685,2.8397,33,2,False,False,False,152.965
LH1079347811.WAV,0.1324,3.5259,33,2,False,False,False,142.863
LH1079348406.WAV,0.1444,1.4026,33,2,False,False,False,144.306
LH1079348406.WAV,0.2648,2.6664,33,2,False,False,False,158.737
LH1079338206.WAV,0.1958,0.6213,33,1,False,False,False,178.94
LH1079338206.WAV,0.0936,1.098,33,1,False,False,False,157.294
LH1079338206.WAV,0.1787,1.4128,33,2,False,False,False,170.281
LH1079348406.WAV,0.1106,3.0967,33,3,False,False,False,147.192
LH1079348411.WAV,0.1532,0.6841,33,2,False,False,False,147.192
LH1079348411.WAV,0.1447,2.9056,33,1,False,False,False,161.623
LH1079348411.WAV,0.1872,4.4545,33,2,False,False,False,187.598
LH1079349006.WAV,0.1447,1.4973,33,2,False,False,False,138.534
LH1079349006.WAV,0.1192,2.2548,33,2,False,False,False,164.509
LH1079349011.WAV,0.1958,1.221,33,1,False,False,False,141.42
LH1079349011.WAV,0.1532,1.7656,33,2,False,False,False,135.648
LH1079349011.WAV,0.2553,2.2848,33,1,False,False,False,187.598
LH1079349011.WAV,0.1532,2.7955,33,2,False,False,False,152.965
LH1079349606.WAV,0.1702,0.5532,33,2,False,False,False,151.522
LH1079349606.WAV,0.2128,1.2255,33,1,False,False,False,189.041
LH1079349606.WAV,0.1447,2.017,33,2,False,False,False,163.066
LH1079349606.WAV,0.1447,2.8001,33,3,False,False,False,148.635
LH1079349606.WAV,0.1787,3.5491,33,2,False,False,False,161.623
LH1079349606.WAV,0.2213,4.2641,33,2,False,False,False,157.294
LH1079349611.WAV,0.1532,3.9026,33,2,False,False,False,155.851
LH1079350206.WAV,0.1192,1.0219,33,1,False,False,False,157.294
LH1079350206.WAV,0.1872,2.2135,33,1,False,False,False,167.395
LH1079350206.WAV,0.1447,3.056,33,3,False,False,False,141.42
LH1079350206.WAV,0.0851,3.8391,33,2,False,False,False,157.294
LH1079350211.WAV,0.1532,0.5584,33,2,False,False,False,158.737
LH1079350211.WAV,0.0936,1.7159,33,2,False,False,False,148.635
LH1079350211.WAV,0.1362,2.7457,33,1,False,False,False,152.965
LH1079350211.WAV,0.1532,3.4096,33,2,False,False,False,152.965
LH1079350211.WAV,0.1362,4.133,33,2,False,False,False,145.749
LH1079350211.WAV,0.1447,4.8224,33,1,False,False,False,155.851
LH1079350806.WAV,0.2468,0.8523,33,2,False,False,False,158.737
LH1079350806.WAV,0.1872,4.4525,33,1,False,False,False,147.192
LH1079350811.WAV,0.1872,1.6994,33,2,False,False,False,216.459
LH1079350811.WAV,0.1362,2.6102,33,2,False,False,False,148.635
LH1079350811.WAV,0.1958,3.1889,33,2,False,False,False,190.484
LH1079351411.WAV,0.2128,0.3638,33,2,False,False,False,161.623
LH1079351411.WAV,0.1447,4.7727,33,2,False,False,False,150.079
LH1079352006.WAV,0.2043,2.4026,33,1,False,False,False,157.294
LH1079352006.WAV,0.1617,3.2282,33,2,False,False,False,142.863
LH1079352011.WAV,0.2298,1.088,33,2,False,False,False,160.18
LH1079352011.WAV,0.1958,3.4116,33,1,False,False,False,157.294
LH1079352011.WAV,0.1447,4.2371,33,2,False,False,False,152.965
LH1079352606.WAV,0.2809,1.4075,33,1,False,False,False,199.143
LH1079352611.WAV,0.1362,0.1779,33,2,False,False,False,144.306
LH1079352611.WAV,0.2043,2.5185,33,1,False,False,False,177.497
LH1079352611.WAV,0.1958,3.5143,33,2,False,False,False,155.851
LH1079353206.WAV,0.1362,4.004,33,2,False,False,False,158.737
LH1079353211.WAV,0.1617,2.3915,33,3,False,False,False,144.306
LH1079353806.WAV,0.1362,1.4002,33,2,False,False,False,150.079
LH1079353806.WAV,0.1277,2.0471,33,1,False,False,False,181.826
LH1079354406.WAV,0.1277,0.7881,33,2,False,False,False,147.192
LH1079354406.WAV,0.1617,1.8944,33,2,False,False,False,152.965
LH1079354411.WAV,0.1362,0.4351,33,2,False,False,False,150.079
LH1079354411.WAV,0.0936,3.8907,33,3,False,False,False,152.965
LH1079355006.WAV,0.1021,2.0398,33,3,False,False,False,144.306
LH1079355006.WAV,0.1192,3.6654,33,2,False,False,False,139.977
LH1079355006.WAV,0.1447,4.6868,33,2,False,False,False,139.977
LH1079355011.WAV,0.1532,4.1552,33,2,False,False,False,161.623
LH1079355606.WAV,0.1532,1.666,33,2,False,False,False,148.635
LH1079355606.WAV,0.1787,2.4405,33,2,False,False,False,148.635
LH1079355606.WAV,0.1192,3.1299,33,2,False,False,False,151.522
LH1079356206.WAV,0.1787,3.9561,33,2,False,False,False,141.42
LH1079356211.WAV,0.1362,0.9817,33,2,False,False,False,145.749
LH1079356211.WAV,0.1532,2.2244,33,2,False,False,False,154.408
LH1079356806.WAV,0.1702,0.5438,33,2,False,False,False,144.306
LH1079356806.WAV,0.2724,3.2503,33,1,False,False,False,165.952
LH1079356806.WAV,0.2298,4.2717,33,2,False,False,False,147.192
LH1079356811.WAV,0.1617,0.5058,33,2,False,False,False,155.851
LH1079356811.WAV,0.1872,4.4124,33,1,False,False,False,170.281
LH1079357406.WAV,0.2043,2.2041,33,2,False,False,False,154.408
LH1079357406.WAV,0.1617,3.7531,33,2,False,False,False,151.522
LH1079357411.WAV,0.1447,0.949,33,2,False,False,False,155.851
LH1079357411.WAV,0.1192,3.5279,33,2,False,False,False,145.749
LH1079358006.WAV,0.1106,3.0303,33,2,False,False,False,150.079
LH1079358011.WAV,0.1787,2.1923,33,2,False,False,False,160.18
LH1079358011.WAV,0.1872,3.2902,33,2,False,False,False,152.965
LH1079358011.WAV,0.1106,4.2776,33,2,False,False,False,151.522
LH1079358606.WAV,0.1192,2.8351,33,2,False,False,False,160.18
LH1079358606.WAV,0.1617,4.0183,33,3,False,False,False,161.623
LH1079358611.WAV,0.1362,1.895,33,3,False,False,False,137.091
LH1079358611.WAV,0.1021,3.7164,33,2,False,False,False,147.192
LH1079358611.WAV,0.1447,4.5079,33,1,False,False,False,187.598
LH1079359206.WAV,0.1447,1.5039,33,2,False,False,False,152.965
LH1079359206.WAV,0.1532,4.4316,33,2,False,False,False,158.737
LH1079359211.WAV,0.1702,2.4276,33,2,False,False,False,165.952
LH1079359806.WAV,0.1277,0.6959,33,1,False,False,False,155.851
LH1079359806.WAV,0.1872,1.5214,33,1,False,False,False,178.94
LH1079359806.WAV,0.1617,3.8025,33,1,False,False,False,152.965
LH1079359806.WAV,0.0766,4.3302,33,3,False,False,False,138.534
LH1079359811.WAV,0.0851,1.1261,33,3,False,False,False,147.192
LH1079359811.WAV,0.1021,3.6879,33,2,False,False,False,147.192
LH1079360406.WAV,0.1362,1.2838,33,1,False,False,False,152.965
LH1079360406.WAV,0.1447,3.3094,33,1,False,False,False,161.623
LH1079360411.WAV,0.1617,2.9906,33,1,False,False,False,152.965
LH1079360411.WAV,0.1702,3.5269,33,1,False,False,False,165.952
LH1079361006.WAV,0.1192,2.6207,33,1,False,False,False,141.42
LH1079361006.WAV,0.1277,3.6846,33,1,False,False,False,142.863
LH1079361011.WAV,0.1362,1.0677,33,2,False,False,False,154.408
LH1079361606.WAV,0.1702,0.6467,33,2,False,False,False,150.079
LH1079361606.WAV,0.1192,2.5277,33,3,False,False,False,135.648
LH1079361606.WAV,0.1617,3.7533,33,2,False,False,False,152.965
LH1079361606.WAV,0.1447,4.6726,33,2,False,False,False,142.863
LH1079361611.WAV,0.1617,1.7152,33,2,False,False,False,147.192
LH1079361611.WAV,0.1447,2.294,33,2,False,False,False,152.965
LH1079361611.WAV,0.1192,4.2601,33,2,False,False,False,164.509
LH1079361611.WAV,0.1702,4.7793,33,2,False,False,False,148.635
LH1079362806.WAV,0.1872,3.7035,33,1,False,False,False,191.927
LH1079362811.WAV,0.1617,0.2015,33,3,False,False,False,154.408
LH1079363411.WAV,0.1787,1.6746,33,1,False,False,False,191.927
LH1079364006.WAV,0.1617,2.5728,33,2,False,False,False,154.408
LH1079364606.WAV,0.1702,1.3393,33,1,False,False,False,164.509
LH1079364606.WAV,0.1532,3.8586,33,2,False,False,False,150.079
LH1079364611.WAV,0.1021,2.9781,33,2,False,False,False,144.306
LH1079364611.WAV,0.1787,4.1611,33,1,False,False,False,230.89
LH1079365206.WAV,0.1447,0.6591,33,2,False,False,False,142.863
LH1079365211.WAV,0.1702,4.5618,33,1,False,False,False,202.029
LH1079365806.WAV,0.1447,3.111,33,1,False,False,False,168.838
LH1079365811.WAV,0.1787,0.077,33,1,False,False,False,164.509
LH1079365811.WAV,0.1702,4.1965,33,3,False,False,False,150.079
LH1079366411.WAV,0.1447,2.6481,33,1,False,False,False,144.306
LH1079366411.WAV,0.1362,3.8567,33,3,False,False,False,150.079
LH1079367006.WAV,0.1872,3.8102,33,1,False,False,False,154.408
LH1079367006.WAV,0.1021,4.7464,33,1,False,False,False,141.42
LH1079367011.WAV,0.1617,1.6955,33,1,False,False,False,152.965
LH1079367011.WAV,0.0851,2.5721,33,3,False,False,False,145.749
LH1079367606.WAV,0.1021,3.7086,33,2,False,False,False,150.079
LH1079367611.WAV,0.1617,4.0878,33,1,False,False,False,150.079
LH1079368206.WAV,0.0936,0.4154,33,3,False,False,False,147.192
LH1079368206.WAV,0.1277,3.071,33,2,False,False,False,135.648
LH1079368211.WAV,0.1106,2.5138,33,2,False,False,False,145.749
LH1079368811.WAV,0.1532,2.6421,33,2,False,False,False,155.851
LH1079370011.WAV,0.1192,4.7797,33,2,False,False,False,150.079
LH1079370606.WAV,0.1192,4.7587,33,2,False,False,False,151.522
LH1079371806.WAV,0.1702,3.9003,33,1,False,False,False,161.623
LH1079371811.WAV,0.1447,4.6455,33,2,False,False,False,135.648
LH1079372411.WAV,0.1617,4.5354,33,2,False,False,False,163.066
LH1079373006.WAV,0.1617,1.842,33,1,False,False,False,155.851
LH1079373011.WAV,0.1532,0.5017,33,2,False,False,False,155.851
LH1079373011.WAV,0.1277,1.3955,33,1,False,False,False,154.408
LH1079373011.WAV,0.1277,2.5359,33,1,False,False,False,155.851
LH1079373011.WAV,0.1447,3.6339,33,1,False,False,False,154.408
LH1079373606.WAV,0.1532,0.4297,33,2,False,False,False,147.192
LH1079373606.WAV,0.1872,1.4937,33,1,False,False,False,204.915
LH1079373611.WAV,0.1192,0.9024,33,2,False,False,False,144.306
LH1079374211.WAV,0.1617,2.3414,33,1,False,False,False,151.522
LH1079374811.WAV,0.1277,2.291,33,2,False,False,False,152.965
LH1079375406.WAV,0.1192,0.4316,33,2,False,False,False,145.749
LH1079375406.WAV,0.1532,1.8956,33,1,False,False,False,151.522
LH1079375406.WAV,0.1532,2.9764,33,2,False,False,False,160.18
LH1079375411.WAV,0.1617,2.6406,33,1,False,False,False,155.851
LH1079375411.WAV,0.1702,3.9684,33,1,False,False,False,158.737
LH1079376006.WAV,0.1362,0.5685,33,1,False,False,False,157.294
LH1079376006.WAV,0.1362,1.6834,33,2,False,False,False,157.294
LH1079376006.WAV,0.1617,2.7473,33,2,False,False,False,147.192
LH1079376006.WAV,0.1192,4.1006,33,3,False,False,False,129.876
LH1079376011.WAV,0.0766,0.5475,33,3,False,False,False,147.192
LH1079376011.WAV,0.1106,1.4582,33,3,False,False,False,134.205
LH1079376611.WAV,0.1702,0.2672,33,1,False,False,False,155.851
LH1079376611.WAV,0.1447,4.4803,33,2,False,False,False,151.522
LH1079377206.WAV,0.1277,1.7442,33,3,False,False,False,135.648
LH1079377211.WAV,0.1362,0.8466,33,2,False,False,False,142.863
LH1079377211.WAV,0.1192,3.715,33,3,False,False,False,141.42
LH1079377806.WAV,0.1702,2.3322,33,2,False,False,False,151.522
LH1079377806.WAV,0.1362,3.4812,33,2,False,False,False,161.623
LH1079377811.WAV,0.1277,1.7579,33,2,False,False,False,154.408
LH1079377811.WAV,0.1106,4.09,33,1,False,False,False,147.192
LH1079378406.WAV,0.1192,1.8895,33,2,False,False,False,147.192
LH1079378406.WAV,0.1021,2.8172,33,2,False,False,False,144.306
LH1079378406.WAV,0.1532,3.7789,33,2,False,False,False,165.952
LH1079378411.WAV,0.1192,0.379,33,2,False,False,False,154.408
LH1079378411.WAV,0.1447,1.1876,33,1,False,False,False,164.509
LH1079378411.WAV,0.1447,2.9494,33,1,False,False,False,148.635
LH1079379006.WAV,0.1447,1.09,33,2,False,False,False,150.079
LH1079379006.WAV,0.1106,2.7071,33,2,False,False,False,147.192
LH1079379006.WAV,0.1532,4.7159,33,2,False,False,False,154.408
LH1079379011.WAV,0.1447,1.7585,33,2,False,False,False,160.18
LH1079379011.WAV,0.1362,3.4948,33,2,False,False,False,145.749
LH1079379606.WAV,0.1702,2.061,33,2,False,False,False,147.192
LH1079379611.WAV,0.0936,0.6442,33,3,False,False,False,152.965
LH1079379611.WAV,0.0681,3.7678,33,3,False,False,False,142.863
LH1079380206.WAV,0.0936,2.4787,33,2,False,False,False,144.306
LH1079380206.WAV,0.0936,4.1128,33,2,False,False,False,141.42
LH1079380211.WAV,0.1702,1.9556,33,1,False,False,False,147.192
LH1079380211.WAV,0.1447,3.8875,33,2,False,False,False,141.42
LH1079380806.WAV,0.1617,0.8366,33,2,False,False,False,154.408
LH1079380806.WAV,0.0936,1.7474,33,2,False,False,False,137.091
LH1079380806.WAV,0.2213,2.3431,33,1,False,False,False,163.066
LH1079380806.WAV,0.1021,2.9729,33,2,False,False,False,152.965
LH1079380806.WAV,0.1021,3.6539,33,2,False,False,False,145.749
LH1079380806.WAV,0.1106,4.5305,33,2,False,False,False,154.408
LH1079380811.WAV,0.1702,2.2626,33,2,False,False,False,191.927
LH1079380811.WAV,0.1277,2.9094,33,2,False,False,False,147.192
LH1079380811.WAV,0.1447,4.1861,33,3,False,False,False,141.42
LH1079381406.WAV,0.1277,4.6162,33,2,False,False,False,147.192
LH1079381411.WAV,0.1702,2.2973,33,2,False,False,False,144.306
LH1079381411.WAV,0.0936,3.4293,33,2,False,False,False,145.749
LH1079381411.WAV,0.1021,4.0336,33,2,False,False,False,139.977
LH1079382006.WAV,0.1106,0.6592,33,2,False,False,False,164.509
LH1079382006.WAV,0.0766,4.6594,33,3,False,False,False,141.42
LH1079382011.WAV,0.1106,2.6128,33,2,False,False,False,151.522
LH1079382606.WAV,0.1447,1.4769,33,2,False,False,False,152.965
LH1079382611.WAV,0.1192,0.7921,33,2,False,False,False,142.863
LH1079382611.WAV,0.1277,2.5624,33,2,False,False,False,173.168
LH1079382611.WAV,0.0851,4.7923,33,2,False,False,False,147.192
LH1079383211.WAV,0.1447,0.6736,33,3,False,False,False,138.534
LH1079383211.WAV,0.1021,2.6397,33,2,False,False,False,152.965
LH1079383211.WAV,0.1277,4.4355,33,2,False,False,False,154.408
LH1079384406.WAV,0.1192,0.3128,33,2,False,False,False,157.294
LH1079384411.WAV,0.1532,0.9727,33,2,False,False,False,158.737
LH1079385006.WAV,0.1447,3.4626,33,2,False,False,False,158.737
LH1079385606.WAV,0.1277,4.7399,33,3,False,False,False,151.522
LH1079385611.WAV,0.1362,0.9484,33,2,False,False,False,158.737
LH1079385611.WAV,0.1277,2.0209,33,3,False,False,False,147.192
LH1079386806.WAV,0.1021,3.5325,33,3,False,False,False,148.635
LH1079387406.WAV,0.2128,0.716,33,1,False,False,False,204.915
LH1079387406.WAV,0.1192,4.6652,33,2,False,False,False,145.749
LH1079387411.WAV,0.1192,3.2399,33,3,False,False,False,152.965
LH1079388006.WAV,0.1362,2.5636,33,2,False,False,False,167.395
LH1079388611.WAV,0.1532,2.0325,33,2,False,False,False,168.838
LH1079389206.WAV,0.1532,1.8839,33,1,False,False,False,155.851
LH1079389806.WAV,0.1447,0.4633,33,2,False,False,False,145.749
LH1079389811.WAV,0.1106,0.3401,33,2,False,False,False,147.192
LH1079389811.WAV,0.1106,3.8807,33,2,False,False,False,147.192
LH1079390406.WAV,0.1021,2.7449,33,2,False,False,False,148.635
LH1079391011.WAV,0.1872,2.6565,33,1,False,False,False,150.079
LH1079391606.WAV,0.1277,4.4228,33,2,False,False,False,154.408
LH1079392211.WAV,0.1021,4.7855,33,2,False,False,False,152.965
LH1079392806.WAV,0.1958,4.4412,33,1,False,False,False,160.18
LH1079392811.WAV,0.1106,1.7561,33,2,False,False,False,147.192
LH1079393411.WAV,0.1787,1.876,33,1,False,False,False,160.18
LH1079394006.WAV,0.1362,0.6124,33,1,False,False,False,181.826
LH1079394011.WAV,0.1958,0.9829,33,2,False,False,False,191.927
LH1079394606.WAV,0.1787,0.6981,33,2,False,False,False,173.168
LH1079394606.WAV,0.1617,2.1961,33,3,False,False,False,147.192
LH1079394606.WAV,0.1702,2.9961,33,2,False,False,False,196.257
LH1079394606.WAV,0.1192,4.0005,33,3,False,False,False,152.965
LH1079394611.WAV,0.0851,0.3452,33,3,False,False,False,147.192
LH1079394611.WAV,0.1447,0.8644,33,2,False,False,False,163.066
LH1079394611.WAV,0.1702,2.788,33,2,False,False,False,191.927
LH1079394611.WAV,0.1532,3.8773,33,2,False,False,False,152.965
LH1079395206.WAV,0.1617,1.0052,33,1,False,False,False,177.497
LH1079395206.WAV,0.1447,1.9754,33,1,False,False,False,160.18
LH1079395211.WAV,0.0936,2.38,33,2,False,False,False,147.192
LH1079395806.WAV,0.1532,0.6143,33,3,False,False,False,142.863
LH1079395806.WAV,0.0936,1.4994,33,2,False,False,False,155.851
LH1079395806.WAV,0.1192,2.3846,33,2,False,False,False,152.965
LH1079395806.WAV,0.1787,3.7464,33,2,False,False,False,155.851
LH1079395811.WAV,0.1872,2.2189,33,2,False,False,False,199.143
LH1079396406.WAV,0.1872,0.334,33,1,False,False,False,196.257
LH1079396406.WAV,0.1702,2.8619,33,2,False,False,False,158.737
LH1079396411.WAV,0.1447,0.8153,33,2,False,False,False,193.37
LH1079396411.WAV,0.1362,1.4025,33,2,False,False,False,155.851
LH1079396411.WAV,0.1277,3.1473,33,2,False,False,False,147.192
LH1079397006.WAV,0.1617,0.3007,33,2,False,False,False,165.952
LH1079397006.WAV,0.1447,0.8965,33,2,False,False,False,193.37
LH1079397006.WAV,0.1362,1.7901,33,2,False,False,False,191.927
LH1079397006.WAV,0.2128,3.6711,33,1,False,False,False,168.838
LH1079397011.WAV,0.1872,0.3392,33,1,False,False,False,194.813
LH1079397011.WAV,0.1532,2.433,33,2,False,False,False,183.269
LH1079397011.WAV,0.1617,3.5054,33,2,False,False,False,183.269
LH1079397011.WAV,0.1958,4.7056,33,2,False,False,False,163.066
LH1079397606.WAV,0.1872,1.3737,33,2,False,False,False,197.7
LH1079397606.WAV,0.1447,3.5526,33,2,False,False,False,191.927
LH1079397611.WAV,0.1106,2.7315,33,2,False,False,False,164.509
LH1079398206.WAV,0.1702,1.8424,33,2,False,False,False,161.623
LH1079398206.WAV,0.1702,3.3745,33,1,False,False,False,161.623
LH1079398206.WAV,0.1021,3.034,33,2,False,False,False,144.306
LH1079398211.WAV,0.1787,0.1618,33,2,False,False,False,163.066
LH1079398211.WAV,0.1787,2.5024,33,2,False,False,False,170.281
LH1079398211.WAV,0.1617,4.1961,33,2,False,False,False,189.041
LH1079398806.WAV,0.1532,3.6219,33,2,False,False,False,154.408
LH1079398811.WAV,0.1277,0.6646,33,2,False,False,False,193.37
LH1079398811.WAV,0.1872,2.4774,33,2,False,False,False,196.257
LH1079399406.WAV,0.1106,0.9075,33,2,False,False,False,191.927
LH1079399406.WAV,0.1192,1.9629,33,2,False,False,False,155.851
LH1079399406.WAV,0.1021,2.6693,33,2,False,False,False,164.509
LH1079399411.WAV,0.1277,0.1545,33,2,False,False,False,174.611
LH1079399411.WAV,0.1787,0.7759,33,2,False,False,False,163.066
LH1079399411.WAV,0.1447,2.9378,33,2,False,False,False,190.484
LH1079399411.WAV,0.1277,3.6612,33,2,False,False,False,165.952
LH1079399411.WAV,0.1447,4.8442,33,2,False,False,False,199.143
LH1079400006.WAV,0.1021,2.2785,33,2,False,False,False,158.737
LH1079400006.WAV,0.1958,2.9508,33,1,False,False,False,186.155
LH1079400011.WAV,0.1447,0.3424,33,2,False,False,False,163.066
LH1079400011.WAV,0.1192,2.8192,33,1,False,False,False,181.826
LH1079401806.WAV,0.1872,3.2166,33,2,False,False,False,171.724
LH1079402406.WAV,0.1106,1.7448,33,2,False,False,False,138.534
LH1079402411.WAV,0.0936,4.158,33,2,False,False,False,147.192
LH1079403006.WAV,0.1362,1.6688,33,2,False,False,False,152.965
LH1079403006.WAV,0.1532,2.4603,33,2,False,False,False,157.294
LH1079403006.WAV,0.1532,3.9754,33,2,False,False,False,177.497
LH1079403006.WAV,0.1106,4.8264,33,2,False,False,False,165.952
LH1079403011.WAV,0.1021,0.5584,33,2,False,False,False,174.611
LH1079403011.WAV,0.1106,3.0522,33,2,False,False,False,187.598
LH1079403011.WAV,0.1702,3.7246,33,2,False,False,False,174.611
LH1079403011.WAV,0.1362,4.8311,33,2,False,False,False,191.927
LH1079403606.WAV,0.2043,0.9205,33,2,False,False,False,164.509
LH1079403606.WAV,0.1787,1.7887,33,2,False,False,False,193.37
LH1079403606.WAV,0.1617,2.5291,33,1,False,False,False,196.257
LH1079403606.WAV,0.1277,3.2185,33,2,False,False,False,193.37
LH1079403606.WAV,0.1447,4.2568,33,1,False,False,False,189.041
LH1079403611.WAV,0.1617,0.8059,33,2,False,False,False,152.965
LH1079403611.WAV,0.1872,1.6825,33,1,False,False,False,187.598
LH1079403611.WAV,0.1958,3.4358,33,1,False,False,False,181.826
LH1079403611.WAV,0.1447,4.1678,33,2,False,False,False,160.18
LH1079403611.WAV,0.1702,4.5083,33,2,False,False,False,189.041
LH1079404206.WAV,0.2043,0.5977,33,2,False,False,False,177.497
LH1079404206.WAV,0.2043,1.219,33,1,False,False,False,161.623
LH1079404206.WAV,0.1702,2.019,33,2,False,False,False,199.143
LH1079404206.WAV,0.1532,2.8362,33,2,False,False,False,180.383
LH1079404206.WAV,0.1787,3.3468,33,1,False,False,False,158.737
LH1079404206.WAV,0.2043,4.3426,33,1,False,False,False,199.143
LH1079404211.WAV,0.1362,0.4491,33,2,False,False,False,165.952
LH1079404211.WAV,0.1277,3.13,33,2,False,False,False,170.281
LH1079404211.WAV,0.0851,4.4578,33,2,False,False,False,151.522
LH1079404806.WAV,0.1617,0.6153,33,2,False,False,False,193.37
LH1079404806.WAV,0.1958,3.0325,33,2,False,False,False,189.041
LH1079404811.WAV,0.2043,0.688,33,1,False,False,False,173.168
LH1079404811.WAV,0.2638,1.8626,33,1,False,False,False,191.927
LH1079404811.WAV,0.1362,2.5946,33,1,False,False,False,168.838
LH1079404811.WAV,0.1277,3.4712,33,2,False,False,False,184.712
LH1079404811.WAV,0.1958,4.1947,33,1,False,False,False,168.838
LH1079405406.WAV,0.1192,0.6245,33,1,False,False,False,152.965
LH1079405406.WAV,0.1958,2.8629,33,2,False,False,False,131.319
LH1079405406.WAV,0.1362,3.6885,33,2,False,False,False,190.484
LH1079405406.WAV,0.1362,4.4205,33,1,False,False,False,168.838
LH1079405411.WAV,0.1532,2.7484,33,2,False,False,False,196.257
LH1079405411.WAV,0.1702,4.1612,33,1,False,False,False,193.37
LH1079406006.WAV,0.1702,0.6252,33,1,False,False,False,157.294
LH1079406011.WAV,0.1532,0.1957,33,2,False,False,False,154.408
LH1079406011.WAV,0.1702,1.1149,33,2,False,False,False,155.851
LH1079406606.WAV,0.1277,0.5407,33,2,False,False,False,134.205
LH1079406606.WAV,0.1532,1.1535,33,2,False,False,False,152.965
LH1079406611.WAV,0.1532,2.9113,33,1,False,False,False,160.18
LH1079407211.WAV,0.2043,1.2012,33,1,False,False,False,204.915
LH1079407211.WAV,0.2128,3.0397,33,2,False,False,False,148.635
LH1079407806.WAV,0.1702,0.7548,33,1,False,False,False,158.737
LH1079407806.WAV,0.1021,2.5591,33,2,False,False,False,147.192
LH1079407811.WAV,0.1277,0.8359,33,3,False,False,False,141.42
LH1079407811.WAV,0.1617,4.3935,33,2,False,False,False,184.712
LH1079408406.WAV,0.1958,0.3723,33,1,False,False,False,161.623
LH1079408406.WAV,0.1617,1.266,33,2,False,False,False,174.611
LH1079408406.WAV,0.1617,2.1683,33,1,False,False,False,176.054
LH1079408406.WAV,0.2043,3.1044,33,2,False,False,False,196.257
LH1079408406.WAV,0.1702,3.9811,33,1,False,False,False,197.7
LH1079408411.WAV,0.1021,2.3941,33,2,False,False,False,147.192
LH1079408411.WAV,0.2043,3.5176,33,1,False,False,False,178.94
LH1079408411.WAV,0.1021,4.2921,33,3,False,False,False,142.863
LH1079409006.WAV,0.1277,1.4028,33,2,False,False,False,147.192
LH1079409011.WAV,0.1447,0.2754,33,2,False,False,False,190.484
LH1079409011.WAV,0.1872,1.1607,33,1,False,False,False,199.143
LH1079409611.WAV,0.1872,0.6591,33,2,False,False,False,197.7
LH1079410211.WAV,0.1532,3.911,33,2,False,False,False,152.965
LH1079410211.WAV,0.0936,4.8132,33,2,False,False,False,144.306
LH1079410806.WAV,0.1617,3.4815,33,2,False,False,False,164.509
LH1079410806.WAV,0.1106,4.5113,33,2,False,False,False,134.205
LH1079412006.WAV,0.1617,2.0529,33,2,False,False,False,151.522
LH1079413806.WAV,0.1277,2.0804,33,2,False,False,False,168.838
LH1079413806.WAV,0.1362,2.8719,33,2,False,False,False,155.851
LH1079413811.WAV,0.1192,4.7404,33,2,False,False,False,157.294
LH1079414411.WAV,0.1106,0.3237,33,3,False,False,False,150.079
LH1079415006.WAV,0.0936,2.4731,33,3,False,False,False,144.306
LH1079415011.WAV,0.1192,0.8265,33,2,False,False,False,147.192
LH1079415011.WAV,0.1702,1.3372,33,2,False,False,False,148.635
LH1079415011.WAV,0.1192,3.6011,33,3,False,False,False,145.749
LH1079416806.WAV,0.1362,1.0963,33,3,False,False,False,147.192
LH1079416811.WAV,0.1447,2.1732,33,2,False,False,False,150.079
LH1079417411.WAV,0.1106,1.3908,33,2,False,False,False,148.635
LH1079418006.WAV,0.0851,4.0168,33,2,False,False,False,147.192
LH1079418011.WAV,0.1106,0.8127,33,2,False,False,False,129.876
LH1079419211.WAV,0.1277,2.6437,33,2,False,False,False,154.408
LH1079422211.WAV,0.0936,0.9702,33,3,False,False,False,141.42
LH1079423411.WAV,0.1362,0.7586,33,2,False,False,False,164.509
LH1079427006.WAV,0.1192,1.5834,33,2,False,False,False,144.306
LH1079434211.WAV,0.0681,0.9915,33,2,False,False,False,150.079
LH1079434211.WAV,0.0681,2.8724,33,2,False,False,False,141.42
LH1079434806.WAV,0.1362,0.6215,33,2,False,False,False,147.192
LH1079436006.WAV,0.1447,1.4994,33,2,False,False,False,157.294
LH1079437206.WAV,0.1192,1.7901,33,2,False,False,False,145.749
LH1079437211.WAV,0.0936,4.4757,33,2,False,False,False,145.749
LH1079437806.WAV,0.0596,2.7695,33,3,False,False,False,141.42
LH1079439011.WAV,0.1702,3.6265,33,2,False,False,False,167.395
LH1079440206.WAV,0.1362,0.6017,33,2,False,False,False,147.192
LH1079440206.WAV,0.0596,3.7083,33,2,False,False,False,141.42
LH1079440806.WAV,0.0681,3.76,33,3,False,False,False,141.42
LH1079440811.WAV,0.2298,2.3602,33,1,False,False,False,157.294
LH1079440811.WAV,0.1872,3.5433,33,1,False,False,False,197.7
LH1079441406.WAV,0.0851,2.101,33,2,False,False,False,158.737
LH1079441406.WAV,0.1277,3.5478,33,2,False,False,False,158.737
LH1079441411.WAV,0.1532,0.3693,33,2,False,False,False,147.192
LH1079441411.WAV,0.1787,3.1524,33,1,False,False,False,152.965
LH1079442006.WAV,0.1872,1.2505,33,2,False,False,False,157.294
LH1079442006.WAV,0.1958,3.4719,33,1,False,False,False,160.18
LH1079442011.WAV,0.1362,1.8338,33,2,False,False,False,161.623
LH1079442011.WAV,0.0936,3.7659,33,2,False,False,False,150.079
LH1079442011.WAV,0.1532,4.3362,33,1,False,False,False,158.737
LH1079442611.WAV,0.1872,3.5793,33,1,False,False,False,161.623
LH1079443211.WAV,0.1362,0.635,33,2,False,False,False,148.635
LH1079444406.WAV,0.1532,0.7254,33,2,False,False,False,151.522
LH1079444406.WAV,0.0851,1.1934,33,2,False,False,False,152.965
LH1079445011.WAV,0.0851,0.6455,33,2,False,False,False,152.965
LH1079445611.WAV,0.0681,0.4929,33,2,False,False,False,150.079
LH1079446211.WAV,0.1106,4.1448,33,2,False,False,False,160.18
LH1079446811.WAV,0.1447,2.1624,33,2,False,False,False,150.079
LH1079448606.WAV,0.0766,3.5811,33,2,False,False,False,157.294
LH1079448611.WAV,0.1106,3.2026,33,2,False,False,False,142.863
LH1079449206.WAV,0.0851,3.3689,33,2,False,False,False,152.965
LH1079449211.WAV,0.1021,2.948,33,2,False,False,False,152.965
LH1079449211.WAV,0.1106,3.7906,33,2,False,False,False,147.192
LH1079449811.WAV,0.1192,1.4166,33,2,False,False,False,137.091
LH1079457006.WAV,0.2724,3.5474,33,1,False,False,False,147.192
LH1079459406.WAV,0.1277,4.7244,33,2,False,False,False,145.749
LH1079460006.WAV,0.1702,2.6568,33,1,False,False,False,155.851
LH1079462411.WAV,0.1702,3.9151,33,1,False,False,False,154.408
LH1079465411.WAV,0.1106,1.3223,33,2,False,False,False,145.749
LH1079466611.WAV,0.1872,3.0003,33,1,False,False,False,164.509
LH1079467806.WAV,0.1532,0.5968,33,2,False,False,False,148.635
LH1079473811.WAV,0.1362,3.2037,33,1,False,False,False,158.737
LH1079487606.WAV,0.1277,3.9458,33,2,False,False,False,141.42
LH1079507406.WAV,0.1021,1.7026,33,3,False,False,False,147.192
LH1079510411.WAV,0.1362,4.6042,33,2,False,False,False,147.192
LH1079511606.WAV,0.1532,3.5115,33,2,False,False,False,152.965
LH1079513411.WAV,0.1021,0.139,33,3,False,False,False,150.079
LH1079514006.WAV,0.1192,1.3693,33,2,False,False,False,144.306
LH1079514011.WAV,0.1021,3.9952,33,2,False,False,False,144.306
LH1079514607.WAV,0.1277,1.404,33,2,False,False,False,164.509
LH1079514607.WAV,0.1277,2.8678,33,2,False,False,False,145.749
LH1079514612.WAV,0.0936,4.2938,33,2,False,False,False,163.066
LH1079515206.WAV,0.1277,1.3109,33,2,False,False,False,151.522
LH1079515206.WAV,0.1447,2.6812,33,1,False,False,False,150.079
LH1079515206.WAV,0.1362,3.6345,33,2,False,False,False,164.509
LH1079515211.WAV,0.1447,0.4474,33,1,False,False,False,158.737
LH1079515211.WAV,0.1447,1.3751,33,2,False,False,False,158.737
LH1079515211.WAV,0.1362,2.6432,33,2,False,False,False,154.408
LH1079515211.WAV,0.1362,3.9285,33,2,False,False,False,152.965
LH1079515211.WAV,0.1021,4.8476,33,2,False,False,False,165.952
LH1079515806.WAV,0.1532,3.1925,33,2,False,False,False,152.965
LH1079515811.WAV,0.1106,0.7969,33,2,False,False,False,206.358
LH1079515811.WAV,0.1106,2.5929,33,2,False,False,False,152.965
LH1079515811.WAV,0.0936,3.5887,33,2,False,False,False,151.522
LH1079516406.WAV,0.0936,3.2527,33,3,False,False,False,147.192
LH1079516411.WAV,0.1021,1.0359,33,2,False,False,False,158.737
LH1079516411.WAV,0.1447,2.8999,33,1,False,False,False,160.18
LH1079517006.WAV,0.1958,1.5086,33,1,False,False,False,152.965
LH1079517006.WAV,0.1192,2.7342,33,2,False,False,False,163.066
LH1079517011.WAV,0.0936,0.6025,33,2,False,False,False,154.408
LH1079517011.WAV,0.0936,1.6834,33,2,False,False,False,154.408
LH1079517011.WAV,0.1021,2.2876,33,2,False,False,False,154.408
LH1079517606.WAV,0.1702,0.5134,33,2,False,False,False,150.079
LH1079517606.WAV,0.1277,2.1986,33,2,False,False,False,141.42
LH1079517606.WAV,0.1617,3.4073,33,2,False,False,False,157.294
LH1079517606.WAV,0.1787,4.5562,33,2,False,False,False,157.294
LH1079517611.WAV,0.1617,0.2542,33,2,False,False,False,142.863
LH1079517611.WAV,0.1958,1.4883,33,2,False,False,False,152.965
LH1079517611.WAV,0.1447,2.4075,33,1,False,False,False,152.965
LH1079517611.WAV,0.1362,4.4501,33,2,False,False,False,135.648
LH1079518206.WAV,0.1277,2.5482,33,2,False,False,False,150.079
LH1079518211.WAV,0.1362,0.9102,33,2,False,False,False,196.257
LH1079518211.WAV,0.1021,2.0166,33,2,False,False,False,139.977
LH1079518806.WAV,0.1617,1.5786,33,2,False,False,False,151.522
LH1079518811.WAV,0.1277,4.162,33,2,False,False,False,158.737
LH1079519406.WAV,0.1787,0.4046,33,1,False,False,False,158.737
LH1079519406.WAV,0.0681,4.0985,33,3,False,False,False,141.42
LH1079519406.WAV,0.1021,4.788,33,2,False,False,False,163.066
LH1079519411.WAV,0.1277,3.6776,33,2,False,False,False,150.079
LH1079520006.WAV,0.1362,0.8393,33,1,False,False,False,155.851
LH1079520006.WAV,0.1021,1.682,33,2,False,False,False,154.408
LH1079520006.WAV,0.1532,4.0737,33,2,False,False,False,157.294
LH1079520011.WAV,0.1958,1.7973,33,2,False,False,False,157.294
LH1079520011.WAV,0.0851,4.7166,33,3,False,False,False,148.635
LH1079520606.WAV,0.1192,0.5507,33,3,False,False,False,145.749
LH1079520611.WAV,0.1617,0.4787,33,1,False,False,False,154.408
LH1079520611.WAV,0.1021,2.0022,33,2,False,False,False,141.42
LH1079521206.WAV,0.1447,0.8747,33,2,False,False,False,144.306
LH1079521211.WAV,0.1192,0.2239,33,2,False,False,False,145.749
LH1079521211.WAV,0.1447,1.424,33,3,False,False,False,135.648
LH1079521806.WAV,0.1447,4.1607,33,1,False,False,False,154.408
LH1079521811.WAV,0.1362,3.1609,33,1,False,False,False,154.408
LH1079521811.WAV,0.1362,3.561,33,2,False,False,False,148.635
LH1079522406.WAV,0.1106,0.6718,33,2,False,False,False,135.648
LH1079522406.WAV,0.1872,1.7016,33,1,False,False,False,150.079
LH1079522406.WAV,0.1447,4.7656,33,2,False,False,False,196.257
LH1079522411.WAV,0.1192,2.4892,33,3,False,False,False,150.079
LH1079523006.WAV,0.1702,2.6469,33,2,False,False,False,141.42
LH1079523006.WAV,0.1617,3.5151,33,2,False,False,False,152.965
LH1079523011.WAV,0.1532,1.1365,33,2,False,False,False,152.965
LH1079523011.WAV,0.1702,2.6856,33,2,False,False,False,144.306
LH1079523606.WAV,0.1617,0.5879,33,1,False,False,False,165.952
LH1079523606.WAV,0.1362,4.5796,33,1,False,False,False,152.965
LH1079524206.WAV,0.1362,1.1332,33,2,False,False,False,152.965
LH1079524206.WAV,0.0936,1.8907,33,2,False,False,False,151.522
LH1079524211.WAV,0.1532,0.6442,33,2,False,False,False,157.294
LH1079524211.WAV,0.1277,1.7251,33,2,False,False,False,160.18
LH1079524806.WAV,0.1192,1.8999,33,3,False,False,False,141.42
LH1079524811.WAV,0.1872,0.8746,33,1,False,False,False,152.965
LH1079525406.WAV,0.1787,0.5133,33,3,False,False,False,134.205
LH1079525411.WAV,0.1532,2.0158,33,2,False,False,False,142.863
LH1079526006.WAV,0.1532,2.8714,33,2,False,False,False,157.294
LH1079526606.WAV,0.0936,2.1912,33,3,False,False,False,134.205
LH1079526611.WAV,0.1617,0.2127,33,2,False,False,False,144.306
LH1079526611.WAV,0.1617,2.6895,33,2,False,False,False,148.635
LH1079527206.WAV,0.1617,3.5961,33,2,False,False,False,160.18
LH1079527211.WAV,0.1447,3.8391,33,2,False,False,False,160.18
LH1079527211.WAV,0.1192,4.7668,33,2,False,False,False,138.534
LH1079527806.WAV,0.1702,0.6094,33,3,False,False,False,152.965
LH1079527806.WAV,0.1021,2.4904,33,3,False,False,False,150.079
LH1079527811.WAV,0.1362,0.5289,33,2,False,False,False,154.408
LH1079527811.WAV,0.1872,1.6439,33,2,False,False,False,151.522
LH1079527811.WAV,0.1192,4.776,33,2,False,False,False,148.635
LH1079528411.WAV,0.0851,0.6913,33,2,False,False,False,147.192
LH1079528411.WAV,0.1192,2.7764,33,2,False,False,False,151.522
LH1079529006.WAV,0.1787,4.0492,33,2,False,False,False,155.851
LH1079529011.WAV,0.1106,1.0493,33,2,False,False,False,158.737
LH1079529606.WAV,0.1532,4.169,33,2,False,False,False,155.851
LH1079529611.WAV,0.1192,3.382,33,2,False,False,False,152.965
LH1079530206.WAV,0.1192,0.6715,33,2,False,False,False,151.522
LH1079530206.WAV,0.1021,2.5865,33,2,False,False,False,151.522
LH1079530206.WAV,0.1277,4.3058,33,2,False,False,False,135.648
LH1079530811.WAV,0.0766,0.8811,33,3,False,False,False,147.192
LH1079531406.WAV,0.1958,1.0218,33,1,False,False,False,161.623
LH1079531411.WAV,0.1447,2.6094,33,2,False,False,False,151.522
LH1079532006.WAV,0.1702,2.6736,33,2,False,False,False,147.192
LH1079532011.WAV,0.1872,1.9291,33,2,False,False,False,152.965
LH1079532011.WAV,0.1617,4.7889,33,2,False,False,False,155.851
LH1079532606.WAV,0.0851,1.9848,33,2,False,False,False,148.635
LH1079532606.WAV,0.1192,4.5041,33,1,False,False,False,152.965
LH1079532611.WAV,0.1106,4.4236,33,2,False,False,False,171.724
LH1079533211.WAV,0.1617,3.6497,33,2,False,False,False,152.965
LH1079533811.WAV,0.1362,2.612,33,2,False,False,False,158.737
LH1079534406.WAV,0.1787,0.7186,33,2,False,False,False,145.749
LH1079534411.WAV,0.1106,0.8678,33,2,False,False,False,147.192
LH1079535611.WAV,0.1872,1.218,33,2,False,False,False,141.42
LH1079536206.WAV,0.1021,1.4269,33,1,False,False,False,154.408
LH1079536806.WAV,0.1192,0.4658,33,2,False,False,False,129.876
LH1079536811.WAV,0.0596,3.3642,33,2,False,False,False,142.863
LH1079537406.WAV,0.1362,2.3048,33,2,False,False,False,148.635
LH1079537411.WAV,0.1447,4.4287,33,2,False,False,False,148.635
LH1079538611.WAV,0.1021,3.281,33,2,False,False,False,151.522
LH1079539206.WAV,0.1106,2.4086,33,2,False,False,False,151.522
LH1079539211.WAV,0.0851,2.4898,33,2,False,False,False,147.192
LH1079539806.WAV,0.1532,2.537,33,2,False,False,False,152.965
LH1079539811.WAV,0.1021,2.2181,33,2,False,False,False,147.192
LH1079540406.WAV,0.1362,3.9675,33,1,False,False,False,168.838
LH1079540411.WAV,0.1192,4.1168,33,2,False,False,False,186.155
LH1079541006.WAV,0.1532,1.0573,33,2,False,False,False,171.724
LH1079541011.WAV,0.0936,2.3215,33,3,False,False,False,139.977
LH1079542206.WAV,0.1021,4.5397,33,2,False,False,False,170.281
LH1079542806.WAV,0.1021,4.0466,33,2,False,False,False,137.091
LH1079543406.WAV,0.1362,1.7577,33,2,False,False,False,158.737
LH1079543411.WAV,0.1362,1.2942,33,2,False,False,False,203.472
LH1079544006.WAV,0.1532,2.9415,33,1,False,False,False,163.066
LH1079544011.WAV,0.1021,0.1118,33,2,False,False,False,144.306
LH1079544011.WAV,0.1617,3.5248,33,1,False,False,False,157.294
LH1079544611.WAV,0.1106,0.4188,33,2,False,False,False,163.066
LH1079544611.WAV,0.1192,3.8829,33,2,False,False,False,142.863
LH1079545211.WAV,0.1702,1.2365,33,2,False,False,False,163.066
LH1079545211.WAV,0.1106,4.3006,33,2,False,False,False,137.091
LH1079545811.WAV,0.1617,0.8882,33,1,False,False,False,193.37
LH1079546406.WAV,0.1106,3.7951,33,1,False,False,False,176.054
LH1079546411.WAV,0.1192,0.4974,33,2,False,False,False,142.863
LH1079547006.WAV,0.0851,4.6554,33,2,False,False,False,150.079
LH1079547011.WAV,0.0936,4.8813,33,2,False,False,False,167.395
LH1079547611.WAV,0.1702,3.5967,33,2,False,False,False,196.257
LH1079548211.WAV,0.1192,1.6738,33,2,False,False,False,173.168
LH1079548806.WAV,0.1106,2.7338,33,1,False,False,False,152.965
LH1079548806.WAV,0.1617,3.8062,33,2,False,False,False,154.408
LH1079559011.WAV,0.1362,3.1662,33,2,False,False,False,150.079
LH1079569211.WAV,0.0851,0.4365,33,2,False,False,False,147.192
LH1079569211.WAV,0.0851,1.0408,33,2,False,False,False,137.091
LH1079569211.WAV,0.1277,1.6281,33,2,False,False,False,152.965
LH1079569806.WAV,0.1021,3.6498,33,2,False,False,False,147.192
LH1079569811.WAV,0.1192,2.7693,33,2,False,False,False,147.192
LH1079574011.WAV,0.1106,0.5863,33,2,False,False,False,158.737
LH1079574611.WAV,0.1277,2.4849,33,2,False,False,False,150.079
LH1079581206.WAV,0.0766,0.6488,33,3,False,False,False,135.648
LH1079581206.WAV,0.0766,2.5127,33,2,False,False,False,131.319
LH1079581211.WAV,0.1362,4.2195,33,2,False,False,False,142.863
LH1079581806.WAV,0.1617,0.5728,33,2,False,False,False,139.977
LH1079581806.WAV,0.1447,2.3261,33,2,False,False,False,141.42
LH1079581806.WAV,0.1021,3.6198,33,2,False,False,False,147.192
LH1079581806.WAV,0.1702,4.207,33,2,False,False,False,154.408
LH1079581811.WAV,0.1447,1.8541,33,1,False,False,False,155.851
LH1079581811.WAV,0.1447,3.3009,33,2,False,False,False,165.952
LH1079581811.WAV,0.1532,3.8712,33,2,False,False,False,147.192
LH1079581811.WAV,0.0936,4.884,33,2,False,False,False,157.294
LH1079582406.WAV,0.1106,0.8288,33,2,False,False,False,148.635
LH1079582406.WAV,0.1702,2.6672,33,1,False,False,False,154.408
LH1079582406.WAV,0.1192,3.6374,33,2,False,False,False,151.522
LH1079582411.WAV,0.1192,0.7993,33,2,False,False,False,158.737
LH1079582411.WAV,0.0936,2.6633,33,2,False,False,False,145.749
LH1079582411.WAV,0.1447,4.1612,33,2,False,False,False,152.965
LH1079583606.WAV,0.1362,1.1279,33,2,False,False,False,163.066
LH1079583606.WAV,0.1617,2.1833,33,2,False,False,False,158.737
LH1079583606.WAV,0.1447,3.9366,33,2,False,False,False,152.965
LH1079583611.WAV,0.1192,0.3579,33,2,False,False,False,148.635
LH1079583611.WAV,0.1021,1.0304,33,2,False,False,False,147.192
LH1079583611.WAV,0.1277,2.3582,33,2,False,False,False,158.737
LH1079583611.WAV,0.1447,3.3455,33,2,False,False,False,152.965
LH1079583611.WAV,0.1447,4.3156,33,3,False,False,False,145.749
LH1079584206.WAV,0.1532,0.7286,33,2,False,False,False,139.977
LH1079584206.WAV,0.1872,1.6732,33,2,False,False,False,148.635
LH1079584206.WAV,0.1362,2.4734,33,2,False,False,False,147.192
LH1079584206.WAV,0.1277,3.316,33,2,False,False,False,158.737
LH1079584206.WAV,0.1532,3.9032,33,2,False,False,False,152.965
LH1079584206.WAV,0.1362,4.499,33,2,False,False,False,160.18
LH1079584211.WAV,0.1362,0.2565,33,2,False,False,False,152.965
LH1079584211.WAV,0.1447,0.9034,33,1,False,False,False,152.965
LH1079584211.WAV,0.1447,1.4821,33,1,False,False,False,152.965
LH1079584211.WAV,0.2128,2.146,33,2,False,False,False,171.724
LH1079584211.WAV,0.1447,2.8524,33,2,False,False,False,165.952
LH1079584211.WAV,0.1277,3.5503,33,1,False,False,False,164.509
LH1079584211.WAV,0.1192,4.5206,33,2,False,False,False,144.306
LH1079584806.WAV,0.1021,0.6951,33,2,False,False,False,152.965
LH1079584806.WAV,0.1958,1.2909,33,2,False,False,False,151.522
LH1079584806.WAV,0.0936,3.3932,33,2,False,False,False,158.737
LH1079584811.WAV,0.1362,0.1635,33,2,False,False,False,155.851
LH1079584811.WAV,0.0681,1.5678,33,3,False,False,False,147.192
LH1079584811.WAV,0.1447,2.1466,33,1,False,False,False,158.737
LH1079584811.WAV,0.0936,2.7084,33,3,False,False,False,137.091
LH1079584811.WAV,0.1192,4.0787,33,2,False,False,False,148.635
LH1079585406.WAV,0.0936,0.7808,33,2,False,False,False,147.192
LH1079585406.WAV,0.1021,1.6916,33,2,False,False,False,152.965
LH1079585406.WAV,0.1106,2.1341,33,2,False,False,False,148.635
LH1079586006.WAV,0.1872,0.722,33,1,False,False,False,154.408
LH1079586006.WAV,0.1617,2.22,33,1,False,False,False,141.42
LH1079586006.WAV,0.1447,2.8158,33,1,False,False,False,165.952
LH1079586006.WAV,0.1192,4.1689,33,2,False,False,False,147.192
LH1079586011.WAV,0.1617,1.0585,33,3,False,False,False,148.635
LH1079586011.WAV,0.1106,1.8755,33,3,False,False,False,152.965
LH1079586011.WAV,0.1532,3.4331,33,1,False,False,False,152.965
LH1079586011.WAV,0.0936,3.8331,33,2,False,False,False,147.192
LH1079586011.WAV,0.0851,4.7012,33,3,False,False,False,141.42
LH1079586606.WAV,0.1447,0.4757,33,2,False,False,False,152.965
LH1079586606.WAV,0.1192,0.8502,33,2,False,False,False,152.965
LH1079586606.WAV,0.1617,3.7185,33,2,False,False,False,157.294
LH1079586606.WAV,0.1532,4.4079,33,2,False,False,False,148.635
LH1079586611.WAV,0.1021,0.7527,33,3,False,False,False,137.091
LH1079586611.WAV,0.1021,2.2422,33,2,False,False,False,158.737
LH1079586611.WAV,0.1362,2.872,33,2,False,False,False,152.965
LH1079586611.WAV,0.1106,3.238,33,1,False,False,False,150.079
LH1079586611.WAV,0.0851,3.6125,33,3,False,False,False,154.408
LH1079586611.WAV,0.0936,4.7444,33,2,False,False,False,142.863
LH1079587206.WAV,0.1362,1.3786,33,2,False,False,False,154.408
LH1079587206.WAV,0.1021,2.1617,33,2,False,False,False,152.965
LH1079587206.WAV,0.1787,2.6297,33,1,False,False,False,154.408
LH1079587206.WAV,0.1617,3.0978,33,2,False,False,False,155.851
LH1079587206.WAV,0.1192,3.4383,33,2,False,False,False,152.965
LH1079587206.WAV,0.1021,3.8043,33,2,False,False,False,137.091
LH1079587211.WAV,0.1787,0.1065,33,1,False,False,False,160.18
LH1079587211.WAV,0.1021,0.9576,33,2,False,False,False,150.079
LH1079587211.WAV,0.1872,1.8427,33,2,False,False,False,171.724
LH1079587211.WAV,0.1447,2.3194,33,3,False,False,False,152.965
LH1079587211.WAV,0.1362,3.0939,33,2,False,False,False,147.192
LH1079587211.WAV,0.1702,3.7067,33,1,False,False,False,152.965
LH1079587806.WAV,0.1617,0.5451,33,1,False,False,False,163.066
LH1079587806.WAV,0.1362,1.3452,33,1,False,False,False,165.952
LH1079587806.WAV,0.1277,3.0304,33,1,False,False,False,163.066
LH1079587806.WAV,0.0936,3.6432,33,2,False,False,False,154.408
LH1079587811.WAV,0.0936,1.6136,33,2,False,False,False,160.18
LH1079587811.WAV,0.1532,2.6264,33,2,False,False,False,151.522
LH1079587811.WAV,0.1192,4.3967,33,1,False,False,False,152.965
LH1079587811.WAV,0.1447,4.8223,33,2,False,False,False,187.598
LH1079588406.WAV,0.1617,1.8395,33,2,False,False,False,158.737
LH1079588406.WAV,0.1362,2.7331,33,1,False,False,False,158.737
LH1079588406.WAV,0.1532,3.2183,33,1,False,False,False,154.408
LH1079588406.WAV,0.1192,3.7204,33,1,False,False,False,150.079
LH1079588411.WAV,0.1192,1.4525,33,3,False,False,False,139.977
LH1079588411.WAV,0.0851,1.8185,33,2,False,False,False,152.965
LH1079588411.WAV,0.1277,2.0908,33,1,False,False,False,158.737
LH1079588411.WAV,0.1702,4.0484,33,1,False,False,False,160.18
LH1079589006.WAV,0.1192,3.8062,33,2,False,False,False,164.509
LH1079589006.WAV,0.0936,4.3084,33,2,False,False,False,150.079
LH1079589011.WAV,0.0936,0.0489,33,2,False,False,False,160.18
LH1079589011.WAV,0.1362,2.7213,33,2,False,False,False,151.522
LH1079589011.WAV,0.1787,4.4746,33,2,False,False,False,170.281
LH1079589606.WAV,0.1277,1.1173,33,1,False,False,False,150.079
LH1079589606.WAV,0.1106,2.062,33,2,False,False,False,152.965
LH1079589606.WAV,0.1447,2.5642,33,2,False,False,False,158.737
LH1079589606.WAV,0.1702,3.8579,33,1,False,False,False,173.168
LH1079589611.WAV,0.1447,0.3729,33,2,False,False,False,164.509
LH1079589611.WAV,0.1447,1.4282,33,1,False,False,False,163.066
LH1079589611.WAV,0.1192,3.7603,33,2,False,False,False,150.079
LH1079589611.WAV,0.1617,4.637,33,2,False,False,False,158.737
LH1079590806.WAV,0.1362,0.3356,33,2,False,False,False,154.408
LH1079590806.WAV,0.1277,1.5101,33,2,False,False,False,145.749
LH1079590806.WAV,0.1362,2.0974,33,2,False,False,False,151.522
LH1079590806.WAV,0.1617,3.0421,33,2,False,False,False,165.952
LH1079590806.WAV,0.1277,3.6549,33,2,False,False,False,148.635
LH1079590806.WAV,0.1192,4.072,33,2,False,False,False,158.737
LH1079590806.WAV,0.2383,4.5145,33,1,False,False,False,158.737
LH1079590811.WAV,0.1787,0.4423,33,2,False,False,False,164.509
LH1079590811.WAV,0.1787,1.2848,33,2,False,False,False,150.079
LH1079590811.WAV,0.2298,3.7105,33,1,False,False,False,160.18
LH1079591406.WAV,0.0851,2.1831,33,3,False,False,False,134.205
LH1079592006.WAV,0.1532,1.3922,33,1,False,False,False,168.838
LH1079592011.WAV,0.1787,0.3754,33,2,False,False,False,164.509
LH1079592011.WAV,0.1702,1.0393,33,1,False,False,False,157.294
LH1079593206.WAV,0.1447,0.6359,33,2,False,False,False,158.737
LH1079593206.WAV,0.1447,1.1892,33,2,False,False,False,155.851
LH1079593206.WAV,0.1277,2.0914,33,2,False,False,False,147.192
LH1079593206.WAV,0.1192,3.334,33,3,False,False,False,148.635
LH1079593206.WAV,0.1192,3.717,33,2,False,False,False,147.192
LH1079593206.WAV,0.1192,4.3895,33,2,False,False,False,151.522
LH1079593206.WAV,0.1106,4.815,33,2,False,False,False,154.408
LH1079593211.WAV,0.1106,0.2491,33,2,False,False,False,147.192
LH1079593211.WAV,0.1106,0.6576,33,1,False,False,False,151.522
LH1079593211.WAV,0.1447,1.0831,33,2,False,False,False,150.079
LH1079593806.WAV,0.1617,4.1603,33,2,False,False,False,148.635
LH1079594406.WAV,0.1532,4.1439,33,2,False,False,False,144.306
LH1079594411.WAV,0.1192,2.5313,33,2,False,False,False,141.42
LH1079596206.WAV,0.1702,2.069,33,2,False,False,False,148.635
LH1079596206.WAV,0.1021,3.9075,33,2,False,False,False,144.306
LH1079596211.WAV,0.1447,0.0054,33,2,False,False,False,147.192
LH1079596806.WAV,0.1362,2.2484,33,2,False,False,False,147.192
LH1079596811.WAV,0.0936,2.4658,33,3,False,False,False,144.306
LH1079603406.WAV,0.1192,1.8469,33,2,False,False,False,139.977
LH1079603406.WAV,0.1702,2.9279,33,2,False,False,False,152.965
LH1079603411.WAV,0.1192,1.7408,33,2,False,False,False,152.965
LH1079603411.WAV,0.1447,2.6005,33,2,False,False,False,151.522
LH1079604606.WAV,0.1021,1.4822,33,2,False,False,False,139.977
LH1079604606.WAV,0.0936,4.8867,33,2,False,False,False,147.192
LH1079606406.WAV,0.1362,4.6759,33,2,False,False,False,170.281
LH1079607606.WAV,0.1021,1.5365,33,2,False,False,False,155.851
LH1079607606.WAV,0.1277,3.0515,33,2,False,False,False,147.192
LH1079607606.WAV,0.1192,3.7494,33,2,False,False,False,151.522
LH1079607611.WAV,0.1447,2.0262,33,2,False,False,False,147.192
LH1079607611.WAV,0.1362,4.3071,33,2,False,False,False,152.965
LH1079608206.WAV,0.1447,0.6094,33,1,False,False,False,145.749
LH1079608206.WAV,0.1362,0.9669,33,2,False,False,False,145.749
LH1079608206.WAV,0.1362,2.2861,33,1,False,False,False,147.192
LH1079608206.WAV,0.1192,3.2819,33,1,False,False,False,152.965
LH1079608206.WAV,0.0936,4.8395,33,2,False,False,False,151.522
LH1079608211.WAV,0.0851,0.9119,33,2,False,False,False,142.863
LH1079608211.WAV,0.0936,2.9375,33,2,False,False,False,148.635
LH1079608211.WAV,0.0851,1.5332,33,3,False,False,False,141.42
LH1079608211.WAV,0.1106,1.8651,33,3,False,False,False,147.192
LH1079608211.WAV,0.1532,4.095,33,1,False,False,False,152.965
LH1079608806.WAV,0.1277,3.7592,33,2,False,False,False,151.522
LH1079608811.WAV,0.1702,0.555,33,1,False,False,False,141.42
LH1079609406.WAV,0.1532,1.4193,33,2,False,False,False,147.192
LH1079609406.WAV,0.1277,2.9938,33,2,False,False,False,152.965
LH1079609406.WAV,0.1021,3.4109,33,3,False,False,False,141.42
LH1079609411.WAV,0.0851,4.0112,33,2,False,False,False,144.306
LH1079610006.WAV,0.1617,0.9773,33,2,False,False,False,165.952
LH1079610006.WAV,0.1192,2.0923,33,2,False,False,False,147.192
LH1079610006.WAV,0.1277,2.7901,33,2,False,False,False,142.863
LH1079610006.WAV,0.2298,4.3392,33,1,False,False,False,151.522
LH1079610011.WAV,0.1532,0.684,33,2,False,False,False,152.965
LH1079610011.WAV,0.1872,2.8543,33,2,False,False,False,158.737
LH1079610011.WAV,0.1106,4.2842,33,2,False,False,False,158.737
LH1079610606.WAV,0.1702,0.7482,33,1,False,False,False,164.509
LH1079610606.WAV,0.2213,1.8632,33,1,False,False,False,152.965
LH1079610606.WAV,0.0851,2.8675,33,2,False,False,False,152.965
LH1079610606.WAV,0.1702,3.4546,33,2,False,False,False,151.522
LH1079610606.WAV,0.1872,4.2293,33,2,False,False,False,161.623
LH1079610611.WAV,0.1277,0.2166,33,2,False,False,False,152.965
LH1079610611.WAV,0.2043,0.7782,33,2,False,False,False,158.737
LH1079610611.WAV,0.1362,3.0848,33,2,False,False,False,148.635
LH1079610611.WAV,0.1277,3.621,33,1,False,False,False,152.965
LH1079611206.WAV,0.1702,0.5616,33,2,False,False,False,160.18
LH1079611206.WAV,0.1362,1.6765,33,2,False,False,False,151.522
LH1079611206.WAV,0.1702,3.8638,33,1,False,False,False,152.965
LH1079611206.WAV,0.1021,4.4086,33,2,False,False,False,152.965
LH1079611211.WAV,0.1617,0.2171,33,2,False,False,False,152.965
LH1079611211.WAV,0.0936,0.9406,33,3,False,False,False,150.079
LH1079611211.WAV,0.1106,1.7066,33,2,False,False,False,158.737
LH1079611211.WAV,0.1617,2.8897,33,2,False,False,False,152.965
LH1079611211.WAV,0.1447,4.7025,33,1,False,False,False,158.737
LH1079611806.WAV,0.1447,0.8686,33,1,False,False,False,155.851
LH1079611806.WAV,0.1277,1.5409,33,2,False,False,False,142.863
LH1079611806.WAV,0.1532,2.8602,33,2,False,False,False,152.965
LH1079611806.WAV,0.1277,3.5666,33,2,False,False,False,139.977
LH1079611811.WAV,0.1192,1.9029,33,2,False,False,False,147.192
LH1079611811.WAV,0.1362,2.4477,33,2,False,False,False,158.737
LH1079611811.WAV,0.1872,3.5201,33,1,False,False,False,152.965
LH1079611811.WAV,0.1447,4.201,33,2,False,False,False,158.737
LH1079612406.WAV,0.1447,0.8863,33,1,False,False,False,142.863
LH1079612406.WAV,0.1532,1.7458,33,2,False,False,False,144.306
LH1079612406.WAV,0.1106,3.6269,33,2,False,False,False,155.851
LH1079612406.WAV,0.1617,4.7333,33,2,False,False,False,150.079
LH1079612411.WAV,0.1532,0.7205,33,1,False,False,False,150.079
LH1079612411.WAV,0.1447,1.8441,33,2,False,False,False,148.635
LH1079612411.WAV,0.1532,2.4313,33,1,False,False,False,152.965
LH1079612411.WAV,0.1362,2.8994,33,1,False,False,False,155.851
LH1079613006.WAV,0.1702,1.0741,33,1,False,False,False,152.965
LH1079613006.WAV,0.1447,2.155,33,2,False,False,False,147.192
LH1079613006.WAV,0.1617,4.4361,33,2,False,False,False,145.749
LH1079613011.WAV,0.1787,0.3042,33,2,False,False,False,151.522
LH1079613011.WAV,0.1958,1.5127,33,1,False,False,False,152.965
LH1079613011.WAV,0.1447,2.5,33,2,False,False,False,148.635
LH1079613011.WAV,0.1362,3.7426,33,2,False,False,False,152.965
LH1079613606.WAV,0.1617,1.0832,33,1,False,False,False,158.737
LH1079613606.WAV,0.1106,2.2748,33,1,False,False,False,141.42
LH1079613606.WAV,0.0851,4.0281,33,2,False,False,False,147.192
LH1079613611.WAV,0.1106,1.5304,33,2,False,False,False,135.648
LH1079613611.WAV,0.1362,2.2113,33,2,False,False,False,134.205
LH1079613611.WAV,0.0936,2.9645,33,2,False,False,False,132.04
LH1079614206.WAV,0.1277,1.0839,33,2,False,False,False,147.192
LH1079614206.WAV,0.1532,1.6542,33,2,False,False,False,155.851
LH1079614206.WAV,0.1021,2.2329,33,3,False,False,False,144.306
LH1079614211.WAV,0.1277,0.5438,33,2,False,False,False,158.737
LH1079614211.WAV,0.1362,1.2927,33,2,False,False,False,154.408
LH1079614211.WAV,0.1106,1.8374,33,2,False,False,False,152.965
LH1079614211.WAV,0.1617,2.6375,33,2,False,False,False,148.635
LH1079614806.WAV,0.1447,4.157,33,1,False,False,False,155.851
LH1079614806.WAV,0.1617,4.7103,33,1,False,False,False,150.079
LH1079614811.WAV,0.1021,0.5103,33,2,False,False,False,150.079
LH1079615406.WAV,0.1192,1.2383,33,2,False,False,False,147.192
LH1079615406.WAV,0.1617,2.8726,33,1,False,False,False,158.737
LH1079615406.WAV,0.1106,3.5874,33,2,False,False,False,158.737
LH1079615406.WAV,0.1106,4.1917,33,1,False,False,False,157.294
LH1079615411.WAV,0.1106,0.3748,33,2,False,False,False,160.18
LH1079615411.WAV,0.1192,1.592,33,2,False,False,False,137.091
LH1079615411.WAV,0.1872,2.8175,33,1,False,False,False,158.737
LH1079616006.WAV,0.1617,0.9412,33,2,False,False,False,158.737
LH1079616006.WAV,0.0766,1.554,33,2,False,False,False,160.18
LH1079616006.WAV,0.1447,2.9668,33,1,False,False,False,157.294
LH1079616011.WAV,0.1447,0.9032,33,2,False,False,False,161.623
LH1079616011.WAV,0.1277,1.9925,33,2,False,False,False,151.522
LH1079616011.WAV,0.1192,2.5798,33,2,False,False,False,141.42
LH1079616011.WAV,0.1447,4.2139,33,2,False,False,False,160.18
LH1079616011.WAV,0.1277,4.6566,33,2,False,False,False,145.749
LH1079616611.WAV,0.1277,4.121,33,3,False,False,False,151.522
LH1079617806.WAV,0.1277,0.6111,33,2,False,False,False,147.192
LH1079617806.WAV,0.1106,2.2452,33,1,False,False,False,151.522
LH1079617806.WAV,0.1277,2.807,33,1,False,False,False,147.192
LH1079617806.WAV,0.1617,3.6922,33,1,False,False,False,157.294
LH1079617811.WAV,0.1192,2.2243,33,2,False,False,False,150.079
LH1079617811.WAV,0.1617,2.7264,33,2,False,False,False,152.965
LH1079617811.WAV,0.1021,3.3904,33,2,False,False,False,151.522
LH1079618406.WAV,0.1532,0.3053,33,1,False,False,False,184.712
LH1079618406.WAV,0.1192,2.7566,33,2,False,False,False,151.522
LH1079618406.WAV,0.1192,3.5396,33,1,False,False,False,151.522
LH1079618411.WAV,0.1021,0.4717,33,2,False,False,False,152.965
LH1079618411.WAV,0.0936,1.0632,33,2,False,False,False,165.952
LH1079618411.WAV,0.1021,2.8718,33,2,False,False,False,158.737
LH1079618411.WAV,0.1106,4.0548,33,2,False,False,False,147.192
LH1079619006.WAV,0.1702,0.6039,33,2,False,False,False,148.635
LH1079619006.WAV,0.1192,1.5656,33,3,False,False,False,142.863
LH1079619006.WAV,0.1617,2.187,33,2,False,False,False,150.079
LH1079619006.WAV,0.1192,3.1658,33,2,False,False,False,168.838
LH1079619006.WAV,0.1362,4.1189,33,1,False,False,False,167.395
LH1079619011.WAV,0.1277,1.434,33,2,False,False,False,134.205
LH1079619011.WAV,0.2043,2.0213,33,1,False,False,False,148.635
LH1079619011.WAV,0.1702,3.3661,33,2,False,False,False,144.306
LH1079619011.WAV,0.1532,3.8598,33,1,False,False,False,158.737
LH1079619011.WAV,0.1021,4.4896,33,1,False,False,False,152.965
LH1079619606.WAV,0.1447,1.3958,33,1,False,False,False,170.281
LH1079619606.WAV,0.1787,2.5874,33,2,False,False,False,160.18
LH1079619606.WAV,0.1106,3.0471,33,2,False,False,False,150.079
LH1079619606.WAV,0.1787,4.1109,33,1,False,False,False,158.737
LH1079619606.WAV,0.1192,4.6727,33,1,False,False,False,154.408
LH1079619611.WAV,0.1106,1.3068,33,1,False,False,False,152.965
LH1079619611.WAV,0.1617,2.0643,33,1,False,False,False,152.965
LH1079619611.WAV,0.0766,3.2303,33,2,False,False,False,135.648
LH1079619611.WAV,0.1447,3.8261,33,1,False,False,False,154.408
LH1079619611.WAV,0.1532,4.7794,33,1,False,False,False,160.18
LH1079620206.WAV,0.1192,1.0645,33,3,False,False,False,142.863
LH1079620206.WAV,0.1106,1.6773,33,2,False,False,False,144.306
LH1079620206.WAV,0.1702,2.6731,33,1,False,False,False,150.079
LH1079620206.WAV,0.2213,3.2349,33,2,False,False,False,158.737
LH1079620206.WAV,0.1021,3.8647,33,2,False,False,False,150.079
LH1079620206.WAV,0.1277,4.5371,33,2,False,False,False,147.192
LH1079620211.WAV,0.1617,0.7542,33,2,False,False,False,151.522
LH1079620211.WAV,0.1021,3.0437,33,2,False,False,False,152.965
LH1079620211.WAV,0.1447,3.5288,33,2,False,False,False,155.851
LH1079620211.WAV,0.1277,4.2183,33,2,False,False,False,152.965
LH1079620806.WAV,0.1277,2.1375,33,1,False,False,False,152.965
LH1079620806.WAV,0.1447,3.5675,33,2,False,False,False,164.509
LH1079620806.WAV,0.1277,4.1463,33,1,False,False,False,157.294
LH1079620811.WAV,0.1702,0.8995,33,2,False,False,False,158.737
LH1079620811.WAV,0.1277,1.4187,33,2,False,False,False,158.737
LH1079620811.WAV,0.1277,1.9719,33,2,False,False,False,147.192
LH1079620811.WAV,0.1021,2.5507,33,2,False,False,False,152.965
LH1079620811.WAV,0.1021,3.3337,33,2,False,False,False,151.522
LH1079620811.WAV,0.0766,4.2955,33,3,False,False,False,150.079
LH1079621406.WAV,0.1362,0.3849,33,2,False,False,False,137.091
LH1079621406.WAV,0.1362,3.2277,33,1,False,False,False,145.749
LH1079621406.WAV,0.1702,3.7808,33,1,False,False,False,148.635
LH1079621406.WAV,0.0936,4.6831,33,2,False,False,False,147.192
LH1079621411.WAV,0.1277,0.5256,33,2,False,False,False,150.079
LH1079621411.WAV,0.1702,1.0449,33,2,False,False,False,158.737
LH1079621411.WAV,0.1872,1.8959,33,1,False,False,False,152.965
LH1079621411.WAV,0.0766,2.7471,33,3,False,False,False,147.192
LH1079621411.WAV,0.1106,4.8408,33,2,False,False,False,142.863
LH1079622006.WAV,0.1362,1.9091,33,2,False,False,False,168.838
LH1079622006.WAV,0.1617,2.5814,33,1,False,False,False,165.952
LH1079622006.WAV,0.2128,3.756,33,2,False,False,False,152.965
LH1079622006.WAV,0.1362,4.3092,33,2,False,False,False,151.522
LH1079622011.WAV,0.1277,0.5944,33,2,False,False,False,151.522
LH1079622011.WAV,0.1617,2.3136,33,2,False,False,False,155.851
LH1079622011.WAV,0.1362,2.8414,33,2,False,False,False,152.965
LH1079622011.WAV,0.1362,3.4627,33,2,False,False,False,141.42
LH1079622011.WAV,0.0766,4.2627,33,2,False,False,False,144.306
LH1079622011.WAV,0.0851,4.5692,33,2,False,False,False,135.648
LH1079622606.WAV,0.1702,0.8373,33,2,False,False,False,193.37
LH1079622606.WAV,0.1617,1.4586,33,1,False,False,False,196.257
LH1079622606.WAV,0.1277,2.0288,33,2,False,False,False,147.192
LH1079622606.WAV,0.0851,2.6246,33,3,False,False,False,147.192
LH1079622606.WAV,0.1362,3.2714,33,1,False,False,False,191.927
LH1079622606.WAV,0.0851,3.9012,33,2,False,False,False,158.737
LH1079622606.WAV,0.1277,4.8205,33,1,False,False,False,178.94
LH1079622611.WAV,0.1447,0.4078,33,1,False,False,False,152.965
LH1079622611.WAV,0.1617,1.0035,33,1,False,False,False,173.168
LH1079622611.WAV,0.0596,1.5228,33,3,False,False,False,145.749
LH1079622611.WAV,0.1617,3.4207,33,2,False,False,False,194.813
LH1079622611.WAV,0.1447,3.9995,33,1,False,False,False,152.965
LH1079623206.WAV,0.1106,0.557,33,1,False,False,False,164.509
LH1079623206.WAV,0.1532,1.1698,33,2,False,False,False,154.408
LH1079623206.WAV,0.1277,1.8848,33,2,False,False,False,148.635
LH1079623206.WAV,0.1192,4.0551,33,2,False,False,False,164.509
LH1079623206.WAV,0.1617,4.6509,33,2,False,False,False,181.826
LH1079623211.WAV,0.0851,1.3022,33,2,False,False,False,165.952
LH1079623211.WAV,0.1532,2.8256,33,2,False,False,False,190.484
LH1079623806.WAV,0.1702,0.3364,33,1,False,False,False,170.281
LH1079623806.WAV,0.1277,0.9237,33,2,False,False,False,152.965
LH1079623806.WAV,0.1192,1.6045,33,2,False,False,False,141.42
LH1079623806.WAV,0.0936,2.2173,33,3,False,False,False,147.192
LH1079623806.WAV,0.1362,2.8217,33,2,False,False,False,141.42
LH1079623806.WAV,0.1192,3.7749,33,3,False,False,False,147.192
LH1079623806.WAV,0.1447,4.7537,33,2,False,False,False,148.635
LH1079623811.WAV,0.1277,1.3709,33,2,False,False,False,170.281
LH1079623811.WAV,0.0936,2.3325,33,3,False,False,False,141.42
LH1079623811.WAV,0.1277,3.4475,33,1,False,False,False,148.635
LH1079623811.WAV,0.1362,4.0348,33,1,False,False,False,152.965
LH1079624406.WAV,0.1958,0.6689,33,2,False,False,False,163.066
LH1079624406.WAV,0.0936,1.3839,33,2,False,False,False,152.965
LH1079624406.WAV,0.2298,2.567,33,2,False,False,False,154.408
LH1079624406.WAV,0.1447,3.1542,33,2,False,False,False,147.192
LH1079624406.WAV,0.1362,4.116,33,1,False,False,False,152.965
LH1079624406.WAV,0.0936,4.6351,33,2,False,False,False,144.306
LH1079624411.WAV,0.0851,0.5799,33,2,False,False,False,148.635
LH1079624411.WAV,0.2213,1.0224,33,2,False,False,False,150.079
LH1079624411.WAV,0.0766,1.5502,33,2,False,False,False,147.192
LH1079624411.WAV,0.0681,1.8821,33,2,False,False,False,145.749
LH1079624411.WAV,0.1106,2.8694,33,2,False,False,False,150.079
LH1079624411.WAV,0.1362,3.9503,33,2,False,False,False,147.192
LH1079624411.WAV,0.0936,4.478,33,2,False,False,False,145.749
LH1079625006.WAV,0.2043,0.6015,33,2,False,False,False,164.509
LH1079625006.WAV,0.2043,1.1803,33,2,False,False,False,158.737
LH1079625006.WAV,0.2298,1.7931,33,2,False,False,False,158.737
LH1079625006.WAV,0.1106,2.4229,33,2,False,False,False,148.635
LH1079625006.WAV,0.1958,3.0782,33,1,False,False,False,174.611
LH1079625006.WAV,0.0936,4.7975,33,2,False,False,False,187.598
LH1079625011.WAV,0.1532,0.3976,33,2,False,False,False,155.851
LH1079625011.WAV,0.1362,0.7125,33,2,False,False,False,147.192
LH1079625011.WAV,0.1532,1.3253,33,2,False,False,False,193.37
LH1079625011.WAV,0.1702,1.6998,33,2,False,False,False,158.737
LH1079625011.WAV,0.1021,2.1083,33,2,False,False,False,141.42
LH1079625011.WAV,0.1106,2.4402,33,2,False,False,False,148.635
LH1079625011.WAV,0.1872,3.2147,33,1,False,False,False,197.7
LH1079625011.WAV,0.1192,4.151,33,2,False,False,False,194.813
LH1079625606.WAV,0.2128,1.5341,33,1,False,False,False,203.472
LH1079625606.WAV,0.1958,2.198,33,1,False,False,False,174.611
LH1079625606.WAV,0.1702,2.8704,33,1,False,False,False,161.623
LH1079625606.WAV,0.1192,3.5939,33,2,False,False,False,151.522
LH1079625606.WAV,0.1958,4.2067,33,2,False,False,False,181.826
LH1079625611.WAV,0.1447,0.2195,33,1,False,False,False,160.18
LH1079625611.WAV,0.1617,0.8323,33,1,False,False,False,183.269
LH1079625611.WAV,0.1532,1.5387,33,1,False,False,False,160.18
LH1079625611.WAV,0.2468,2.1005,33,1,False,False,False,164.509
LH1079625611.WAV,0.3064,2.7473,33,1,False,False,False,176.054
LH1079625611.WAV,0.1872,3.4111,33,1,False,False,False,163.066
LH1079625611.WAV,0.2213,4.7134,33,1,False,False,False,178.94
LH1079626206.WAV,0.2724,0.7943,33,1,False,False,False,164.509
LH1079626206.WAV,0.1106,1.8838,33,2,False,False,False,152.965
LH1079626206.WAV,0.0766,2.3093,33,1,False,False,False,147.192
LH1079626206.WAV,0.1021,2.9476,33,2,False,False,False,152.965
LH1079626206.WAV,0.2383,3.5774,33,2,False,False,False,176.054
LH1079626206.WAV,0.1362,4.2924,33,1,False,False,False,152.965
LH1079626211.WAV,0.1106,0.6967,33,2,False,False,False,152.965
LH1079626211.WAV,0.1362,2.4841,33,1,False,False,False,163.066
LH1079626211.WAV,0.1532,3.7608,33,1,False,False,False,163.066
LH1079626211.WAV,0.1447,4.4672,33,1,False,False,False,167.395
LH1079626806.WAV,0.1872,0.4119,33,1,False,False,False,150.079
LH1079626806.WAV,0.1617,1.3907,33,2,False,False,False,170.281
LH1079626806.WAV,0.1362,2.0632,33,1,False,False,False,167.395
LH1079626806.WAV,0.2213,2.676,33,1,False,False,False,163.066
LH1079626806.WAV,0.1362,3.9356,33,1,False,False,False,157.294
LH1079626806.WAV,0.1362,4.5909,33,1,False,False,False,152.965
LH1079626811.WAV,0.1872,0.1867,33,1,False,False,False,147.192
LH1079626811.WAV,0.1021,0.8591,33,2,False,False,False,161.623
LH1079626811.WAV,0.2298,1.7954,33,2,False,False,False,173.168
LH1079626811.WAV,0.1702,2.4337,33,1,False,False,False,186.155
LH1079626811.WAV,0.1872,3.0635,33,1,False,False,False,200.586
LH1079627406.WAV,0.1362,0.3274,33,1,False,False,False,158.737
LH1079627406.WAV,0.1021,1.6297,33,3,False,False,False,141.42
LH1079627406.WAV,0.0851,2.8808,33,3,False,False,False,134.205
LH1079627406.WAV,0.1532,3.417,33,2,False,False,False,158.737
LH1079627406.WAV,0.1532,4.7363,33,2,False,False,False,168.838
LH1079627411.WAV,0.1021,0.3576,33,2,False,False,False,147.192
LH1079627411.WAV,0.1787,1.0214,33,1,False,False,False,155.851
LH1079627411.WAV,0.1447,1.6768,33,1,False,False,False,157.294
LH1079627411.WAV,0.1447,2.2471,33,1,False,False,False,152.965
LH1079627411.WAV,0.2128,2.8344,33,1,False,False,False,191.927
LH1079627411.WAV,0.1362,3.5237,33,2,False,False,False,144.306
LH1079627411.WAV,0.1447,4.443,33,2,False,False,False,147.192
LH1079628006.WAV,0.1447,0.8473,33,1,False,False,False,148.635
LH1079628006.WAV,0.1787,2.1836,33,1,False,False,False,163.066
LH1079628006.WAV,0.2894,3.1709,33,1,False,False,False,170.281
LH1079628006.WAV,0.1702,3.9879,33,2,False,False,False,157.294
LH1079628006.WAV,0.2553,4.5837,33,1,False,False,False,173.168
LH1079628011.WAV,0.1872,0.971,33,1,False,False,False,168.838
LH1079628011.WAV,0.1787,1.9158,33,1,False,False,False,173.168
LH1079628011.WAV,0.1617,2.5966,33,1,False,False,False,157.294
LH1079628011.WAV,0.1872,4.0605,33,2,False,False,False,150.079
LH1079628011.WAV,0.1021,4.6563,33,2,False,False,False,147.192
LH1079628611.WAV,0.0936,4.1889,33,2,False,False,False,145.749
LH1079629206.WAV,0.1617,0.6528,33,1,False,False,False,164.509
LH1079629206.WAV,0.1617,1.0528,33,1,False,False,False,151.522
LH1079629206.WAV,0.2213,3.0571,33,1,False,False,False,145.749
LH1079629206.WAV,0.0851,4.1636,33,3,False,False,False,134.205
LH1079629211.WAV,0.0936,1.2574,33,2,False,False,False,148.635
LH1079629211.WAV,0.2213,2.3468,33,1,False,False,False,171.724
LH1079629211.WAV,0.1447,3.0958,33,2,False,False,False,148.635
LH1079629211.WAV,0.2043,3.615,33,1,False,False,False,152.965
LH1079629211.WAV,0.2128,4.2789,33,1,False,False,False,176.054
LH1079629806.WAV,0.1872,0.4534,33,1,False,False,False,190.484
LH1079629806.WAV,0.1532,1.1939,33,2,False,False,False,163.066
LH1079629806.WAV,0.1106,1.6195,33,1,False,False,False,147.192
LH1079629806.WAV,0.0936,2.0025,33,1,False,False,False,150.079
LH1079629806.WAV,0.1702,2.5132,33,1,False,False,False,148.635
LH1079629806.WAV,0.1362,3.177,33,1,False,False,False,150.079
LH1079629806.WAV,0.0766,3.8238,33,1,False,False,False,152.965
LH1079629806.WAV,0.1702,4.1303,33,1,False,False,False,167.395
LH1079629806.WAV,0.1532,4.7346,33,2,False,False,False,167.395
LH1079629811.WAV,0.2468,0.9942,33,1,False,False,False,155.851
LH1079629811.WAV,0.2383,1.3176,33,1,False,False,False,193.37
LH1079629811.WAV,0.0936,1.8197,33,2,False,False,False,142.863
LH1079629811.WAV,0.1447,2.1602,33,1,False,False,False,160.18
LH1079629811.WAV,0.2128,2.7135,33,1,False,False,False,158.737
LH1079629811.WAV,0.1617,3.2241,33,1,False,False,False,155.851
LH1079629811.WAV,0.1362,3.9476,33,1,False,False,False,157.294
LH1079629811.WAV,0.2213,4.5348,33,1,False,False,False,181.826
LH1079630406.WAV,0.1447,2.0542,33,1,False,False,False,161.623
LH1079630406.WAV,0.1617,2.8712,33,2,False,False,False,164.509
LH1079630406.WAV,0.1021,3.518,33,2,False,False,False,161.623
LH1079630406.WAV,0.1106,4.199,33,2,False,False,False,155.851
LH1079630406.WAV,0.1702,4.7948,33,2,False,False,False,152.965
LH1079630411.WAV,0.1447,0.4671,33,2,False,False,False,191.927
LH1079630411.WAV,0.1532,2.68,33,1,False,False,False,196.257
LH1079630411.WAV,0.1277,3.3354,33,2,False,False,False,151.522
LH1079630411.WAV,0.1447,4.578,33,2,False,False,False,155.851
LH1079631006.WAV,0.1277,1.0079,33,2,False,False,False,158.737
LH1079631006.WAV,0.1532,1.6888,33,1,False,False,False,199.143
LH1079631006.WAV,0.1787,2.957,33,2,False,False,False,155.851
LH1079631006.WAV,0.1617,3.6379,33,2,False,False,False,158.737
LH1079631006.WAV,0.1617,4.2932,33,2,False,False,False,155.851
LH1079631011.WAV,0.1362,0.3656,33,2,False,False,False,190.484
LH1079631011.WAV,0.1702,1.0721,33,1,False,False,False,193.37
LH1079631011.WAV,0.1362,1.7529,33,2,False,False,False,160.18
LH1079631011.WAV,0.1192,2.7062,33,2,False,False,False,151.522
LH1079631011.WAV,0.1617,3.4382,33,2,False,False,False,158.737
LH1079631011.WAV,0.1106,4.1105,33,2,False,False,False,163.066
LH1079631606.WAV,0.1787,0.3362,33,2,False,False,False,170.281
LH1079631606.WAV,0.1277,1.5788,33,2,False,False,False,151.522
LH1079631606.WAV,0.1277,2.3363,33,1,False,False,False,191.927
LH1079631606.WAV,0.1447,3.4683,33,1,False,False,False,181.826
LH1079631606.WAV,0.1106,4.2002,33,2,False,False,False,154.408
LH1079631611.WAV,0.1277,0.3322,33,1,False,False,False,150.079
LH1079631611.WAV,0.1617,2.3664,33,1,False,False,False,193.37
LH1079631611.WAV,0.1277,3.8814,33,2,False,False,False,187.598
LH1079631611.WAV,0.1277,4.5964,33,2,False,False,False,141.42
LH1079632206.WAV,0.1192,2.9156,33,2,False,False,False,152.965
LH1079632211.WAV,0.0851,1.8478,33,2,False,False,False,148.635
LH1079632211.WAV,0.1192,2.5798,33,2,False,False,False,157.294
LH1079632211.WAV,0.0936,3.3118,33,2,False,False,False,150.079
LH1079632806.WAV,0.1106,2.0822,33,2,False,False,False,152.965
LH1079632806.WAV,0.1021,3.2823,33,2,False,False,False,141.42
LH1079632806.WAV,0.1447,3.9973,33,1,False,False,False,160.18
LH1079632806.WAV,0.1532,4.7293,33,2,False,False,False,189.041
LH1079632811.WAV,0.0766,1.857,33,2,False,False,False,152.965
LH1079632811.WAV,0.0851,2.623,33,2,False,False,False,154.408
LH1079632811.WAV,0.1362,3.321,33,3,False,False,False,187.598
LH1079633406.WAV,0.1532,0.3041,33,1,False,False,False,178.94
LH1079633406.WAV,0.1192,1.1552,33,2,False,False,False,152.965
LH1079633406.WAV,0.1021,2.2702,33,2,False,False,False,151.522
LH1079633406.WAV,0.0851,3.1212,33,3,False,False,False,142.863
LH1079633406.WAV,0.1192,4.3213,33,2,False,False,False,147.192
LH1079633411.WAV,0.0851,0.1639,33,3,False,False,False,142.863
LH1079633411.WAV,0.1021,0.9299,33,3,False,False,False,145.749
LH1079633411.WAV,0.0681,2.1385,33,3,False,False,False,141.42
LH1079633411.WAV,0.1106,3.3812,33,2,False,False,False,158.737
LH1079633411.WAV,0.0681,4.1557,33,2,False,False,False,148.635
LH1079633411.WAV,0.0936,4.8621,33,3,False,False,False,138.534
LH1079634006.WAV,0.1021,0.7728,33,3,False,False,False,145.749
LH1079634011.WAV,0.0681,0.871,33,2,False,False,False,141.42
LH1079634606.WAV,0.0681,4.5014,33,3,False,False,False,128.433
LH1079634611.WAV,0.1021,2.3866,33,2,False,False,False,148.635
LH1079635206.WAV,0.1277,4.4764,33,2,False,False,False,152.965
LH1079635806.WAV,0.1958,0.4427,33,2,False,False,False,147.192
LH1079635806.WAV,0.1192,1.2173,33,2,False,False,False,152.965
LH1079635806.WAV,0.1192,2.7833,33,2,False,False,False,154.408
LH1079635806.WAV,0.1106,3.5153,33,3,False,False,False,142.863
LH1079636406.WAV,0.1702,1.3626,33,2,False,False,False,157.294
LH1079636406.WAV,0.2213,2.1031,33,1,False,False,False,148.635
LH1079636406.WAV,0.0936,3.499,33,3,False,False,False,148.635
LH1079636406.WAV,0.1106,4.2053,33,2,False,False,False,161.623
LH1079636411.WAV,0.1277,0.2523,33,2,False,False,False,161.623
LH1079636411.WAV,0.1362,1.3587,33,3,False,False,False,141.42
LH1079636411.WAV,0.1192,2.8226,33,1,False,False,False,163.066
LH1079636411.WAV,0.1617,3.9717,33,1,False,False,False,165.952
LH1079637006.WAV,0.1872,0.5036,33,1,False,False,False,164.509
LH1079637006.WAV,0.0766,1.2951,33,3,False,False,False,126.99
LH1079637006.WAV,0.0681,2.0782,33,3,False,False,False,134.205
LH1079637006.WAV,0.1447,2.7931,33,3,False,False,False,154.408
LH1079637006.WAV,0.1192,4.8443,33,2,False,False,False,158.737
LH1079637011.WAV,0.1106,0.5848,33,2,False,False,False,161.623
LH1079637011.WAV,0.1447,2.0828,33,1,False,False,False,176.054
LH1079637011.WAV,0.1021,2.8317,33,2,False,False,False,148.635
LH1079638806.WAV,0.0851,1.8844,33,3,False,False,False,147.192
LH1079640011.WAV,0.0851,4.5202,33,3,False,False,False,147.192
LH1079641206.WAV,0.1021,2.1167,33,2,False,False,False,147.192
LH1079641206.WAV,0.1106,3.8359,33,2,False,False,False,158.737
LH1079641206.WAV,0.1106,4.0998,33,2,False,False,False,144.306
LH1079641211.WAV,0.0681,2.9213,33,3,False,False,False,135.648
LH1079641806.WAV,0.0851,1.0109,33,3,False,False,False,141.42
LH1079641811.WAV,0.0851,4.488,33,3,False,False,False,145.749
LH1079642411.WAV,0.1021,0.5735,33,3,False,False,False,135.648
LH1079643606.WAV,0.1532,0.349,33,1,False,False,False,168.838
LH1079643611.WAV,0.0851,3.0431,33,2,False,False,False,148.635
LH1079643611.WAV,0.0766,4.0644,33,1,False,False,False,158.737
LH1079644206.WAV,0.1021,2.9966,33,2,False,False,False,139.977
LH1079645406.WAV,0.1872,1.0232,33,1,False,False,False,170.281
LH1079646011.WAV,0.1702,1.3093,33,2,False,False,False,154.408
LH1079646606.WAV,0.1277,3.2971,33,3,False,False,False,144.306
LH1079646611.WAV,0.1362,4.16,33,2,False,False,False,158.737
LH1079647206.WAV,0.0681,2.1729,33,3,False,False,False,138.534
LH1079647206.WAV,0.1277,2.6666,33,2,False,False,False,152.965
LH1079647811.WAV,0.1192,1.4718,33,1,False,False,False,154.408
LH1079661011.WAV,0.0851,4.7721,33,2,False,False,False,148.635
LH1079662806.WAV,0.0851,2.5139,33,1,False,False,False,148.635
LH1079662806.WAV,0.1362,2.8459,33,2,False,False,False,148.635
LH1079662811.WAV,0.0681,3.8719,33,3,False,False,False,142.863
LH1079664011.WAV,0.1447,0.2218,33,1,False,False,False,150.079
LH1079664011.WAV,0.0936,0.741,33,1,False,False,False,154.408
LH1079665806.WAV,0.1106,2.9938,33,2,False,False,False,150.079
LH1079665811.WAV,0.1021,3.3644,33,2,False,False,False,147.192
LH1079666406.WAV,0.1702,3.1306,33,1,False,False,False,154.408
LH1079666411.WAV,0.1702,1.0925,33,1,False,False,False,155.851
LH1079666411.WAV,0.1362,1.6457,33,2,False,False,False,142.863
LH1079666411.WAV,0.1617,2.7863,33,2,False,False,False,150.079
LH1079666411.WAV,0.1447,3.8246,33,2,False,False,False,160.18
LH1079667006.WAV,0.0936,0.7992,33,3,False,False,False,144.306
LH1079667006.WAV,0.0936,1.6759,33,2,False,False,False,147.192
LH1079667006.WAV,0.1192,2.893,33,1,False,False,False,154.408
LH1079667011.WAV,0.0936,2.2167,33,2,False,False,False,141.42
LH1079667606.WAV,0.0766,1.4552,33,3,False,False,False,132.762
LH1079667606.WAV,0.1021,3.6851,33,2,False,False,False,150.079
LH1079667606.WAV,0.0851,4.5618,33,3,False,False,False,138.534
LH1079668211.WAV,0.0681,0.1667,33,2,False,False,False,150.079
LH1079668211.WAV,0.1021,3.0605,33,2,False,False,False,154.408
LH1079668806.WAV,0.1192,0.6393,33,3,False,False,False,134.205
LH1079668806.WAV,0.0851,1.2863,33,2,False,False,False,147.192
LH1079668806.WAV,0.1192,2.0268,33,3,False,False,False,147.192
LH1079669411.WAV,0.0681,2.849,33,3,False,False,False,125.546
LH1079670011.WAV,0.1021,4.5263,33,3,False,False,False,124.103
LH1079671806.WAV,0.1021,0.4978,33,3,False,False,False,129.876
LH1079671806.WAV,0.1106,4.7535,33,2,False,False,False,155.851
LH1079672406.WAV,0.0936,0.524,33,3,False,False,False,137.091
LH1079673011.WAV,0.1362,2.8528,33,3,False,False,False,141.42
LH1079673011.WAV,0.0681,4.5296,33,3,False,False,False,129.876
LH1079676606.WAV,0.0851,2.6478,33,2,False,False,False,144.306
LH1079677206.WAV,0.0936,0.9548,33,2,False,False,False,152.965
LH1079677206.WAV,0.1277,1.4654,33,2,False,False,False,163.066
LH1079677811.WAV,0.1106,2.5516,33,2,False,False,False,158.737
LH1079678412.WAV,0.0596,1.0117,33,3,False,False,False,135.648
LH1079678412.WAV,0.1192,4.1778,33,3,False,False,False,145.749
LH1079679606.WAV,0.1532,3.4937,33,2,False,False,False,145.749
LH1079679611.WAV,0.0936,3.8727,33,2,False,False,False,144.306
LH1079697611.WAV,0.1021,4.8366,33,2,False,False,False,147.192
LH1079698206.WAV,0.1106,2.6707,33,1,False,False,False,164.509
LH1079698811.WAV,0.0936,3.5101,33,2,False,False,False,148.635
LH1201216807.WAV,0.9337,2.8268,19,1,False,False,False,689.169
LH1201217407.WAV,0.5907,9.4033,19,2,False,True,True,554.55
LH1201218007.WAV,0.9903,3.1922,19,2,False,False,False,456.098
LH1201219207.WAV,0.8623,4.9887,19,2,False,False,False,701.849
LH1201221607.WAV,0.9903,0.9298,19,2,False,False,False,548.409
LH1201221607.WAV,0.7478,8.913,19,1,False,False,False,755.474
LH1201248607.WAV,1.0375,6.8248,19,2,False,False,False,502.31
LH1201298407.WAV,1.2126,7.1848,19,2,False,False,False,532.449
LH1201300807.WAV,0.9146,0.3367,19,1,False,False,False,707.253
LH1201300807.WAV,0.9146,5.9294,19,1,False,False,False,724.581
LH1201308607.WAV,0.8765,4.446,19,3,False,False,False,510.048
LH1201311007.WAV,1.1433,8.2601,19,1,False,False,False,687.16
LH1201316407.WAV,1.029,2.8582,19,3,False,False,False,442.033
LH1201333807.WAV,0.9432,2.9502,18,2,False,False,False,679.123
LH1201333807.WAV,0.9769,5.2003,18,2,False,False,False,671.086
LH1201339207.WAV,1.0307,8.2838,23,3,False,False,False,663.049
LH1201345207.WAV,1.0577,7.7707,23,3,False,False,False,594.735
LH1201347007.WAV,1.4686,1.9082,23,3,False,False,False,616.837
LH1201348207.WAV,1.0914,0.0398,23,3,False,False,False,655.012
LH1201350607.WAV,1.1453,2.2585,23,3,False,False,False,715.29
LH1201351807.WAV,1.0307,8.8546,23,3,False,False,False,638.938
LH1201353007.WAV,1.0105,1.6814,23,3,False,False,False,681.132
LH1201360207.WAV,0.896,7.6399,23,3,False,False,False,560.578
LH1201365007.WAV,1.1049,0.1061,23,3,False,False,False,612.818
LH1201365607.WAV,1.1183,0.9556,23,3,False,False,False,626.883
LH1201369207.WAV,0.8286,4.344,23,3,False,False,False,681.132
LH1201374007.WAV,1.1587,1.1015,23,3,False,False,False,655.012
LH1201374607.WAV,1.2396,2.6548,23,3,False,False,False,673.095
LH1201381207.WAV,1.0981,6.0461,19,3,False,False,False,520.393
LH1201388407.WAV,0.8384,0.0954,19,2,False,False,False,460.116
LH1201389007.WAV,1.0766,2.0134,19,3,False,False,False,442.033
LH1201389007.WAV,1.5244,6.3388,18,2,False,False,False,464.135
LH1201392007.WAV,1.6768,6.1769,18,2,False,False,False,468.153
LH1201394407.WAV,1.1147,3.1471,19,2,False,False,False,389.793
LH1201397407.WAV,2.8582,1.9054,17,3,False,False,False,397.83
LH1201405207.WAV,1.2862,0.308,19,3,False,False,False,446.051
LH1201425007.WAV,2.4581,5.6434,17,3,False,False,False,456.098
LH1201428007.WAV,1.0575,3.1915,19,2,False,False,False,461.743
LH1201431007.WAV,3.7872,2.5359,17,1,False,False,False,1048.512
LH1201437007.WAV,1.8864,5.0875,23,3,False,False,False,539.884
LH1201439407.WAV,2.7153,3.4901,17,3,False,False,False,352.345
LH1201443607.WAV,2.7915,0.2256,17,3,False,False,False,365.132
LH1201450207.WAV,0.7241,9.2539,19,1,False,True,True,512.89
LH1201452007.WAV,1.2481,2.0707,19,2,False,False,False,498.682
LH1201455007.WAV,2.2389,5.5543,23,3,False,False,False,522.835
LH1201458607.WAV,2.439,6.1641,17,3,False,False,False,419.12
LH1201464007.WAV,1.9627,7.5264,23,3,False,False,False,538.463
LH1201431007.WAV,1.2481,1.2879,19,1,False,False,False,1065.844
LH1201483807.WAV,1.6721,1.5103,17,1,False,False,False,937.693
LH1201486807.WAV,2.3723,5.4463,17,3,False,False,False,313.441
LH1201493407.WAV,2.5343,1.1179,17,3,False,False,False,490.255
LH1201495807.WAV,1.7483,1.8881,17,2,False,False,False,608.8
LH1201498207.WAV,1.1338,0.2858,23,3,False,False,False,638.938
LH1201503607.WAV,1.2671,0.0382,23,3,False,False,False,650.994
LH1201506607.WAV,1.9531,5.3129,17,3,False,False,False,399.839
LH1201508407.WAV,4.0396,2.0167,17,2,False,False,False,436.005
LH1201510207.WAV,5.4592,1.6927,17,2,False,False,False,681.132
LH1201512607.WAV,1.9055,0.0382,17,2,False,True,True,663.049
LH1201515607.WAV,2.8773,0.0446,17,2,False,True,True,572.633
LH1201519207.WAV,1.1623,1.8452,23,3,False,False,False,743.419
LH1201522207.WAV,1.7245,0.0986,23,3,False,False,False,715.29
LH1201522807.WAV,2.8963,2.331,23,3,False,False,False,707.253
LH1201524007.WAV,1.5053,6.1768,23,3,False,False,False,650.994
LH1201525807.WAV,2.3152,2.5184,23,3,False,False,False,723.326
LH1201528807.WAV,1.372,5.7259,23,3,False,False,False,723.326
LH1201542007.WAV,1.0766,6.5672,19,2,False,False,False,502.31
LH1201542607.WAV,2.2008,4.2173,23,3,False,False,False,630.901
LH1201546207.WAV,1.2386,1.645,23,3,False,False,False,725.336
LH1201548607.WAV,1.5625,4.4111,17,3,False,False,False,452.079
LH1201557607.WAV,0.8384,0.1715,19,2,False,False,False,506.329
LH1201557607.WAV,1.3338,3.0298,18,1,False,False,False,506.329
LH1201560607.WAV,0.8861,5.2749,19,1,False,False,False,723.326
LH1201483807.WAV,0.7336,0.7481,19,1,False,False,False,598.754
LH1201574407.WAV,1.4958,8.4916,17,3,False,True,True,417.922
LH1201576807.WAV,2.3342,7.6472,17,2,False,True,True,683.142
LH1201582207.WAV,2.0675,7.8853,17,3,False,True,True,448.061
LH1201584007.WAV,1.1814,6.7802,23,3,False,False,False,703.234
LH1201585207.WAV,2.0103,0.0223,17,3,False,True,True,379.746
LH1201587007.WAV,1.3148,5.6624,23,3,False,False,False,659.031
LH1201596607.WAV,2.096,0.0447,17,1,False,True,True,934.852
LH1201607407.WAV,1.753,0.0922,23,3,False,False,False,715.29
LH1201611007.WAV,2.096,1.083,17,3,False,False,False,444.042
LH1201611607.WAV,3.0678,1.5529,17,3,False,False,False,431.987
LH1201612807.WAV,1.1242,6.9229,23,3,False,False,False,588.707
LH1201615807.WAV,2.62,6.7196,17,3,False,False,False,409.885
LH1201617007.WAV,1.2862,5.9829,23,3,False,False,False,604.781
LH1201617607.WAV,1.9722,6.1768,17,3,False,False,False,339.562
LH1201621207.WAV,1.4672,8.0345,23,3,False,False,False,570.624
LH1201627807.WAV,1.1338,8.8507,19,1,False,True,True,598.754
LH1201632007.WAV,2.4009,4.9383,17,2,False,False,False,747.437
LH1201643407.WAV,0.7908,2.0073,19,2,False,False,False,467.348
LH1201645207.WAV,0.9813,5.5034,19,1,False,False,False,541.882
LH1201647607.WAV,0.6669,1.8387,19,2,False,False,False,451.233
LH1201653007.WAV,2.0817,6.1116,17,3,False,False,False,427.06
LH1201653007.WAV,1.0671,4.8635,19,2,False,False,False,467.348
LH1201658407.WAV,2.3175,2.5466,23,3,False,False,False,490.158
LH1201665607.WAV,1.7247,7.1074,23,3,False,False,False,451.798
LH1201679407.WAV,3.8805,4.9039,17,3,False,False,False,375.077
LH1201691407.WAV,2.6409,2.1397,23,3,False,False,False,470.267
LH1201695007.WAV,3.6379,0.0478,17,3,False,False,False,444.694
LH1201695607.WAV,2.6274,4.9662,23,3,False,False,False,510.048
LH1201696807.WAV,2.2501,0.9387,23,3,False,False,False,474.53
LH1201698007.WAV,1.6977,1.0039,23,3,False,False,False,440.432
LH1201698007.WAV,1.5899,8.2322,23,3,False,False,False,414.858
LH1201699807.WAV,1.792,8.032,23,3,False,False,False,473.109
LH1201705807.WAV,2.2367,6.6093,23,3,False,False,False,456.06
LH1201715407.WAV,1.8459,2.9468,23,3,False,False,False,535.622
LH1201719007.WAV,2.8565,4.3986,17,3,False,False,False,456.06
LH1201724407.WAV,0.9701,5.522,19,3,False,False,False,484.475
LH1201744207.WAV,3.9478,3.1355,17,3,False,False,False,380.76
LH1201754407.WAV,2.1289,0.9557,23,3,False,False,False,481.633
LH1201756207.WAV,1.6573,7.1045,17,3,False,False,False,385.023
LH1201761007.WAV,1.6438,6.0548,17,3,False,False,False,318.247
LH1201763407.WAV,1.5225,8.3542,23,3,False,False,False,383.602
LH1201767607.WAV,1.8055,1.3789,23,3,False,False,False,439.011
LH1201768807.WAV,1.7381,1.0701,23,3,False,False,False,497.262
LH1201778407.WAV,2.9103,0.0889,23,3,False,False,False,464.584
LH1201779007.WAV,1.7651,8.17,23,3,False,False,False,443.273
LH1201780807.WAV,1.4552,0.2493,23,3,False,False,False,460.322
LH1201781407.WAV,2.304,1.2637,23,3,False,False,False,439.011
LH1201788007.WAV,2.587,7.3834,23,3,False,False,False,494.42
LH1201792807.WAV,2.6813,6.2967,23,3,False,False,False,519.994
LH1201794007.WAV,3.099,3.539,23,3,False,False,False,505.786
LH1201798207.WAV,1.8459,1.2019,18,3,False,False,False,377.919
LH1201810807.WAV,1.1183,0.5435,19,3,False,False,False,376.498
LH1201826407.WAV,2.4118,7.1734,17,3,False,False,False,296.226
LH1201768207.WAV,1.536,0.8135,19,2,False,False,False,477.371
LH1201838407.WAV,1.553,0.2764,23,3,False,False,False,655.012
LH1201840207.WAV,0.9099,8.5126,17,3,False,False,False,440.024
LH1201842607.WAV,1.7912,1.137,23,3,False,False,False,657.022
LH1201842607.WAV,0.443,4.4049,18,3,False,False,False,355.636
LH1201852207.WAV,0.8098,3.0646,18,3,False,False,False,267.229
LH1201854007.WAV,1.896,4.1983,23,3,False,False,False,638.938
LH1201858207.WAV,1.4196,5.1638,23,3,False,False,False,594.735
LH1201867207.WAV,2.2485,4.8303,17,3,True,False,False,361.663
LH1201867807.WAV,1.4672,7.5865,23,3,False,False,False,653.003
LH1201870807.WAV,1.6292,3.4584,23,3,False,False,False,638.938
LH1201878607.WAV,2.2961,7.5868,23,3,False,False,False,417.922
LH1201881007.WAV,0.9527,0.2829,23,3,False,False,False,642.957
LH1201881607.WAV,2.4295,4.7349,17,3,False,False,False,331.525
LH1201882807.WAV,1.7435,5.8274,23,3,False,False,False,395.82
LH1201918207.WAV,1.7149,4.9478,17,3,False,False,False,385.774
LH1201840207.WAV,0.686,7.3478,19,2,False,False,False,444.042
LH1201857607.WAV,0.8765,7.4136,19,2,False,False,False,458.107
LH1201927807.WAV,2.2866,0.3495,17,3,False,False,False,360.694
LH1201930207.WAV,1.7149,0.8766,23,3,False,False,False,447.806
LH1201932607.WAV,1.7721,5.8718,23,3,False,False,False,372.944
LH1201939207.WAV,1.0004,5.3068,19,3,False,False,False,340.278
LH1201947607.WAV,2.4486,0.1305,17,3,False,False,False,328.028
LH1201951807.WAV,1.2862,1.5815,23,3,False,False,False,385.194
LH1201951807.WAV,4.1063,5.1734,23,3,False,False,False,387.917
LH1201955407.WAV,3.468,2.3247,23,3,False,False,False,372.944
LH1201963207.WAV,2.3437,3.271,23,3,False,False,False,372.944
LH1201969207.WAV,2.3437,0.3591,23,3,False,False,False,341.639
LH1201996207.WAV,1.0004,0.2162,19,3,False,False,False,393.361
LH1202005807.WAV,2.8963,5.9926,23,3,False,False,False,379.75
LH1202023207.WAV,2.3723,6.3037,23,3,False,False,False,332.455
LH1202028607.WAV,2.0484,1.3307,23,3,False,False,False,359.449
LH1202031007.WAV,0.5716,5.3829,18,3,False,False,False,262.128
LH1202038207.WAV,2.1723,1.4481,23,3,False,False,False,389.285
LH1202046607.WAV,2.0008,6.2181,17,3,False,False,False,267.101
LH1202052007.WAV,2.0675,3.0457,23,3,False,False,False,340.979
LH1202082007.WAV,1.9055,0.0604,17,3,False,True,True,321.089
LH1202107807.WAV,2.2294,3.7602,23,3,False,False,False,323.93
LH1202119207.WAV,1.753,6.4879,19,3,False,False,False,286.991
LH1202127007.WAV,2.8963,6.7579,23,3,False,False,False,356.608
LH1202134807.WAV,1.8197,6.7039,19,3,False,False,False,386.443
LH1202163007.WAV,1.1909,5.7099,18,3,False,False,False,360.87
LH1202205607.WAV,2.8868,6.5261,17,2,False,False,False,594.247
LH1201275007.WAV,1.1052,8.8506,19,3,False,True,True,338.138
LH1201275607.WAV,0.8098,0.9845,18,3,True,False,False,271.363
LH1201276207.WAV,2.2961,0.0825,17,3,False,False,False,302.619
LH1201277407.WAV,3.0202,0.7559,17,3,False,False,False,331.034
LH1201277407.WAV,1.4005,8.5396,18,3,False,True,True,267.101
LH1201278007.WAV,1.2862,4.646,18,3,False,False,False,413.437
LH1201278607.WAV,1.5911,2.3341,19,1,False,False,False,451.798
LH1201278607.WAV,1.5244,7.8981,19,2,False,False,False,289.832
LH1201280407.WAV,2.3723,3.411,17,3,False,False,False,258.576
LH1201281007.WAV,1.1909,6.6053,19,3,False,False,False,329.613
LH1201282207.WAV,1.6482,4.573,19,3,False,False,False,308.302
LH1201282807.WAV,1.0099,2.5565,19,3,False,False,False,289.832
LH1201283407.WAV,1.9055,0.0922,17,3,False,False,False,278.466
LH1201284607.WAV,1.3338,6.1099,19,3,False,False,False,306.881
LH1201285207.WAV,1.3053,6.7993,19,3,False,False,False,295.515
LH1201284607.WAV,1.8483,4.1573,23,3,False,False,False,345.242
LH1201285807.WAV,2.0389,5.3161,17,3,False,False,False,235.844
LH1201302007.WAV,0.8408,2.6591,19,1,False,False,False,311.144
LH1201308607.WAV,1.2144,2.7201,19,1,False,False,False,397.809
LH1201313408.WAV,1.121,2.0126,19,1,False,False,False,321.089
LH1201314008.WAV,1.0743,8.6135,19,1,False,False,False,370.815
LH1201315807.WAV,2.1019,6.5129,17,3,False,False,False,309.723
LH1201317607.WAV,3.1178,1.7033,17,2,False,False,False,319.668
LH1201318807.WAV,2.5457,2.272,17,3,False,False,False,284.149
LH1201323007.WAV,2.1019,7.4145,17,3,False,False,False,306.881
LH1201326007.WAV,1.1677,5.4517,19,3,False,False,False,286.991
LH1201326007.WAV,0.9342,8.4178,19,3,False,False,False,264.259
LH1201327207.WAV,1.0626,4.2268,19,3,False,False,False,282.729
LH1201327807.WAV,1.6932,6.4128,17,3,False,False,False,335.296
